Master TS,File TS Start,File Timestamp End,File Label / Entries: 1887,File Name,Track Number,entry type,note,Track Name,Track Artist,Speed vs. Original,File Analysis Complete,Master TS in hh:mm:ss,Master TS in mm,,,,,,,,,,,,,,,,,,,,
-1511.944,-1511.944,-1511.944,file start: d-25-000b.wav,d-25-000b.wav,,File Start,,,,,,-0.01749935185,-25.19906667,
0.0,0.0,0.0,file sync: d-25-000b.wav 0.0 verified d000-018,d-25-000b.wav,,Note,file sync: d-25-000b.wav 0.0 verified d000-018,,,,,0,0
0.0,0.0,18.584,file note: in sync with d000-018.wav from here to end,d-25-000b.wav,,File Note,in sync with d000-018.wav from here to end,,,,,0,0
18.584,18.584,18.584,file end: d-25-000b.wav,d-25-000b.wav,,File End,d-25-000b.wav,,,,,0.0002150925926,0.3097333333
-1505.031929,-1505.031929,-1505.031929,file start: d-25-005b.wav,d-25-005b.wav,,File Start,,,,,,-0.01741935103,-25.08386548
0.0,0.0,0.0,file sync: d-25-005b.wav 0.0 verified d000-018,d-25-005b.wav,,Note,file sync: d-25-005b.wav 0.0 verified d000-018,,,,,0,0
0.0,0.0,124.985682,file note: in sync with d000-018.wav from here to end,d-25-005b.wav,,File Note,in sync with d000-018.wav from here to end,,,,,0,0
8.016179,8.016179,8.02049,note: start sync wav,d-25-005b.wav,,Note,start sync wav,,,,,0.00009277984954,0.1336029833
8.018384,8.018384,8.018384,note: zero cross,d-25-005b.wav,,Note,zero cross,,,,,0.00009280537037,0.1336397333
124.985682,124.985682,124.985682,file end: d-25-005b.wav,d-25-005b.wav,,File End,d-25-005b.wav,,,,,0.001446593542,2.0830947
0.0,0.0,0.0,file start sync: d000-018.wav 0.0 verified SELF-INIT,d000-018.wav,,File Start Sync,d000-018.wav 0 verified SELF-INIT,,,,,0,0
-1511.944,-1511.944,-1511.944,note: file start d-25-000b.wav,d000-018.wav,,Note,file start d-25-000b.wav,,,,,-0.01749935185,-25.19906667
-1281.961603,-1281.961603,-1281.961603,note: file start d-25-005b.wav,d000-018.wav,,Note,file start d-25-005b.wav,,,,,-0.01483751855,-21.36602672
0.0,0.0,0.0,note: d-25-000b: file sync: d-25-000b.wav 0.0 verified d000-018,d000-018.wav,,Note,d-25-000b: file sync: d-25-000b.wav 0.0 verified d000-018,,,,,0,0
0.0,0.0,0.0,note: d-25-005b: file sync: d-25-005b.wav 0.0 verified d000-018,d000-018.wav,,Note,d-25-005b: file sync: d-25-005b.wav 0.0 verified d000-018,,,,,0,0
0.0,0.0,0.0,start001: ID: Net Radio - Promo1 Club Groove,d000-018.wav,1.0,TrackStart,,Promo1 Club Groove,Net Radio,,,0,0
0.0,0.0,18.584,note: d-25-000b: in sync with d000-018 over this range,d000-018.wav,1.0,Note,d-25-000b: in sync with d000-018 over this range,Promo1 Club Groove,Net Radio,,,0,0
0.0,0.0,348.056,note: d-25-005b: file note: in sync with d000-018 over this range,d000-018.wav,1.0,Note,d-25-005b: file note: in sync with d000-018 over this range,Promo1 Club Groove,Net Radio,,,0,0
8.016179,8.016179,8.02049,note: start sync wav,d000-018.wav,1.0,Note,start sync wav,Promo1 Club Groove,Net Radio,,,0.00009277984954,0.1336029833
8.018384,8.018384,8.018384,note: zero cross,d000-018.wav,1.0,Note,zero cross,Promo1 Club Groove,Net Radio,,,0.00009280537037,0.1336397333
18.584,18.584,18.584,note: file end d-25-000b.wav,d000-018.wav,1.0,Note,file end d-25-000b.wav,Promo1 Club Groove,Net Radio,,,0.0002150925926,0.3097333333
35.298848,35.298848,35.298848,start002: ID: Net Radio - Promo2 Peace,d000-018.wav,2.0,TrackStart,,Promo2 Peace,Net Radio,,,0.0004085514815,0.5883141333
59.52502,59.52502,59.52502,orig003 start: A sync point,d000-018.wav,2.0,Orig Start,003: A sync point,Promo2 Peace,Net Radio,,,0.0006889469907,0.9920836667
59.910324,59.910324,59.910324,orig003 sync: A start,d000-018.wav,3.0,Orig Sync,003 A start,,,,,0.0006934065278,0.9985054
59.910324,59.910324,59.910324,start003: ID: Jamie Myserson - Sky Blue,d000-018.wav,3.0,TrackStart,,Sky Blue,Jamie Myserson,,,0.0006934065278,0.9985054
59.910324,59.910324,59.910324,track003 sync: A start,d000-018.wav,3.0,Track Sync,003 A start,,,,,0.0006934065278,0.9985054
61.702662,61.702662,61.702662,orig003 start: B sync,d000-018.wav,3.0,Orig Start,003: B sync,Sky Blue,Jamie Myserson,,,0.0007141511806,1.0283777
83.929783,83.929783,83.929783,note: 162bpm,d000-018.wav,3.0,Note,162bpm,Sky Blue,Jamie Myserson,,,0.0009714095255,1.398829717
83.938352,83.938352,83.943757,note: file sync wave,d000-018.wav,3.0,Note,file sync wave,Sky Blue,Jamie Myserson,,,0.0009715087037,1.398972533
83.940254,83.940254,83.940254,note: file sync wave lower crossover,d000-018.wav,3.0,Note,file sync wave lower crossover,Sky Blue,Jamie Myserson,,,0.0009715307176,1.399004233
276.948073,276.948073,276.948073,orig003 sync: B drop after synth end,d000-018.wav,3.0,Orig Sync,003 B drop after synth end,,,,,0.003205417512,4.615801217
279.125714,279.125714,279.125714,track sync: B drop after synth end,d000-018.wav,3.0,Track Sync,003 B drop after synth end,,,1.0100334665745174,,0.00323062169,4.652095233
285.129433,285.129433,285.129433,note: last drop,d000-018.wav,3.0,Note,last drop,Sky Blue,Jamie Myserson,,,0.003300109178,4.752157217
303.949206,303.949206,303.949206,orig004 start: pre-glitch start alignment,d000-018.wav,3.0,Orig Start,004: pre-glitch start alignment,Sky Blue,Jamie Myserson,,,0.003517930625,5.0658201
303.949206,303.949206,303.949206,start004: ID: Jamie Myerson - Everything is Gonna Be Alright,d000-018.wav,4.0,TrackStart,,Everything is Gonna Be Alright,Jamie Myerson,,,0.003517930625,5.0658201
311.58053,311.58053,311.58053,orig003 end: A,d000-018.wav,4.0,Orig End,003: A,Everything is Gonna Be Alright,Jamie Myerson,,,0.003606256134,5.193008833
313.469524,313.469524,313.469524,orig004 start: B,d000-018.wav,4.0,Orig Start,004: B,Everything is Gonna Be Alright,Jamie Myerson,,,0.003628119491,5.224492067
314.322857,314.322857,314.322857,orig004 start: A,d000-018.wav,4.0,Orig Start,004: A,Everything is Gonna Be Alright,Jamie Myerson,,,0.00363799603,5.238714283
328.019592,328.019592,328.019592,note: add sax + drum,d000-018.wav,4.0,Note,add sax + drum,Everything is Gonna Be Alright,Jamie Myerson,,,0.003796523056,5.4669932
331.636011,331.636011,331.636011,"note: backwards skip 6.811? (d000-018, d001-026b, d-25-000b, d-25-005b)",d000-018.wav,4.0,Note,"backwards skip 6.811? (d000-018, d001-026b, d-25-000b, d-25-005b)",Everything is Gonna Be Alright,Jamie Myerson,,,0.003838379757,5.52726685
338.446536,338.446536,338.446536,orig004 sync: A,d000-018.wav,4.0,Orig Sync,004 A,,,,,0.003917205278,5.6407756
338.446536,338.446536,338.446536,track sync: A add sax + drum again,d000-018.wav,4.0,Track Sync,004 A add sax + drum again,,,,,0.003917205278,5.6407756
348.056008,348.056008,348.056008,note: file end d-25-005b.wav,d000-018.wav,4.0,Note,file end d-25-005b.wav,Everything is Gonna Be Alright,Jamie Myerson,,,0.004028426019,5.800933467
348.056008,348.056008,348.056008,note: file end d-25-005b.wav,d000-018.wav,4.0,Note,file end d-25-005b.wav,Everything is Gonna Be Alright,Jamie Myerson,,,0.004028426019,5.800933467
361.888798,361.888798,363.781224,"note: lyrics start ""I'll be the""",d000-018.wav,4.0,Note,"lyrics start ""I'll be the""",Everything is Gonna Be Alright,Jamie Myerson,,,0.004188527755,6.031479967
433.690703,433.690703,438.195374,"note: ""Everything is gonna be alright""",d000-018.wav,4.0,Note,"""Everything is gonna be alright""",Everything is Gonna Be Alright,Jamie Myerson,,,0.005019568322,7.228178383
480.420862,480.420862,480.983946,note: beat sax start beat,d000-018.wav,4.0,Note,beat sax start beat,Everything is Gonna Be Alright,Jamie Myerson,,,0.005560426644,8.007014367
552.80907,552.80907,554.295147,track sync: B sax ended beat start fade,d000-018.wav,4.0,Track Sync,004 B sax ended beat start fade,,,,,0.006398253125,9.2134845
553.662404,553.662404,555.148481,orig004 sync: B sax ended beat start fade,d000-018.wav,4.0,Orig Sync,004 B sax ended beat start fade,,,0.9960349856730824,,0.006408129676,9.227706733
573.866737,573.866737,573.866737,start005: ID: Jamie Myerson - You're My Life (incomplete),d000-018.wav,5.0,TrackStart,,You're My Life (incomplete),Jamie Myerson,,,0.006641976123,9.564445617
585.496154,585.496154,585.496154,orig006 start: B,d000-018.wav,5.0,Orig Start,006: B,You're My Life (incomplete),Jamie Myerson,,,0.006776575856,9.758269233
585.631732,585.631732,585.631732,orig006 start: A,d000-018.wav,5.0,Orig Start,006: A,You're My Life (incomplete),Jamie Myerson,,,0.006778145046,9.760528867
585.631732,585.631732,585.631732,orig006 start: A,d000-018.wav,5.0,Orig Start,006: A,You're My Life (incomplete),Jamie Myerson,,,0.006778145046,9.760528867
586.753878,586.753878,586.753878,orig004 end: A,d000-018.wav,5.0,Orig End,004: A,You're My Life (incomplete),Jamie Myerson,,,0.006791132847,9.7792313
588.695791,588.695791,588.695791,start006: ID: Jamie Myerson - Unity Gain (incomplete),d000-018.wav,6.0,TrackStart,,Unity Gain (incomplete),Jamie Myerson,,,0.006813608692,9.811596517
607.215642,607.215642,607.215642,orig006 sync: A,d000-018.wav,6.0,Orig Sync,006 A,,,,,0.007027958819,10.1202607
607.215642,607.215642,607.215642,track sync: A drop,d000-018.wav,6.0,Track Sync,006 A drop,,,,,0.007027958819,10.1202607
645.656419,645.656419,645.656419,orig007 start: B,d000-018.wav,6.0,Orig Start,007: B,Unity Gain (incomplete),Jamie Myerson,,,0.00747287522,10.76094032
646.393199,646.393199,647.206669,track sync: B,d000-018.wav,6.0,Track Sync,006 B,,,,,0.007481402766,10.77321998
646.528777,646.528777,647.342247,orig006 sync: B,d000-018.wav,6.0,Orig Sync,006 B,,,0.9965513307448004,,0.007482971956,10.77547962
647.372229,647.372229,647.372229,start007: ID: Jamie Myerson - You're My Life,d000-018.wav,7.0,TrackStart,,You're My Life,Jamie Myerson,,,0.007492734132,10.78953715
647.435875,647.435875,647.435875,orig007 start: A,d000-018.wav,7.0,Orig Start,007: A,You're My Life,Jamie Myerson,,,0.007493470775,10.79059792
647.435875,647.435875,647.435875,orig007 start: A,d000-018.wav,7.0,Orig Start,007: A,You're My Life,Jamie Myerson,,,0.007493470775,10.79059792
647.691361,647.691361,647.691361,orig007 sync: A open cymbals,d000-018.wav,7.0,Orig Sync,007 A open cymbals,,,,,0.007496427789,10.79485602
647.691361,647.691361,647.691361,track sync: A open cymbals,d000-018.wav,7.0,Track Sync,007 A open cymbals,,,,,0.007496427789,10.79485602
695.495895,695.495895,697.025071,note: first bigger drop,d000-018.wav,7.0,Note,first bigger drop,You're My Life,Jamie Myerson,,,0.008049721007,11.59159825
890.03663,890.03663,890.03663,orig006 end: A,d000-018.wav,7.0,Orig End,006: A,You're My Life,Jamie Myerson,,,0.01030134988,14.83394383
1053.756372,1053.756372,1055.822948,note: begin last verse,d000-018.wav,7.0,Note,begin last verse,You're My Life,Jamie Myerson,,,0.01219625431,17.5626062
1101.276009,1101.276009,1102.848,track sync: B cymbal fade out,d000-018.wav,7.0,Track Sync,007 B cymbal fade out,,,,,0.0127462501,18.35460015
1102.848,1102.848,1102.848,file end: d000-018.wav COMPLETED,d000-018.wav,7.0,File End,d000-018.wav COMPLETED,You're My Life,Jamie Myerson,,,0.01276444444,18.3808
1102.848,1102.848,1102.848,note: file sync start: d019-040.wav 1102.848000 verified d006-025,d000-018.wav,7.0,Note,file sync start: d019-040.wav 1102.848000 verified d006-025,You're My Life,Jamie Myerson,,,0.01276444444,18.3808
1103.055465,1103.055465,1104.627456,orig007 sync: B cymbal fade out,d000-018.wav,7.0,Orig Sync,007 B cymbal fade out,,,0.9960922347976731,,0.01276684566,18.38425775
1111.161589,1111.161589,1111.161589,orig007 end: A,d000-018.wav,7.0,Orig End,007: A,You're My Life,Jamie Myerson,,,0.01286066654,18.51935982
54.392,54.392,54.392,file start sync: d001-026b.wav 0.0 verified d000-018,d001-026b.wav,,File Start Sync,d001-026b.wav 0 verified d000-018,,Jamie Myerson,,,0.000629537037,0.9065333333
54.392,54.392,1102.848,file note: in sync with d000-018 over this range,d001-026b.wav,,File Note,in sync with d000-018 over this range,,Jamie Myerson,,,0.000629537037,0.9065333333
1102.848,1102.848,1629.08,file note: in sync with d019-041 over this range,d001-026b.wav,,File Note,in sync with d019-041 over this range,,Jamie Myerson,,,0.01276444444,18.3808
1629.08,1629.08,1629.08,file end: d001-026b.wav COMPLETE,d001-026b.wav,,File End,d001-026b.wav COMPLETE,,Jamie Myerson,,,0.01885509259,27.15133333
330.938636,330.938636,330.938636,file start sync: d006-025.wav 0.0 verified d000-018,d006-025.wav,,File Start Sync,d006-025.wav 0 verified d000-018,,Jamie Myerson,,,0.003830308287,5.515643933
330.939,330.939,1102.848,file note: in sync with d000-018 over this range,d006-025.wav,,File Note,in sync with d000-018 over this range,,Jamie Myerson,,,0.0038303125,5.51565
1102.848,1102.848,1530.938636,file note: in sync with d019-040 over this range,d006-025.wav,,File Note,in sync with d019-040 over this range,,Jamie Myerson,,,0.01276444444,18.3808
1530.938636,1530.938636,1530.938636,file end: d006-025.wav COMPLETE,d006-025.wav,,File End,d006-025.wav COMPLETE,,Jamie Myerson,,,0.01771919718,25.51564393
1102.848,0.0,0.0,file start sync: d019-040.wav 1102.848000 verified d006-025,d019-040.wav,,File Start Sync,d019-040.wav 1102.848 verified d006-025,,,,,0.01276444444,18.3808
1102.542763,-0.305237,-0.305237,orig007 start: A,d019-040.wav,,Orig Start,007: A,,,,,0.01276091161,18.37571272
1102.848063,6.3E-5,6.3E-5,start008: ID: Jamie Myerson - Crucial,d019-040.wav,8.0,TrackStart,,Crucial,Jamie Myerson,,,0.01276444517,18.38080105
1102.908095,0.060095,0.060095,orig008 sync: A,d019-040.wav,8.0,Orig Sync,008 A,,,,,0.01276513999,18.38180158
1102.908095,0.060095,0.060095,track sync: A start of track,d019-040.wav,8.0,Track Sync,008 A start of track,,,,,0.01276513999,18.38180158
1109.43063,6.58263,6.58263,orig008 start: B,d019-040.wav,8.0,Orig Start,008: B,Crucial,Jamie Myerson,,,0.01284063229,18.4905105
1524.3950479999999,421.547048,421.547048,orig008 sync: B,d019-040.wav,8.0,Orig Sync,008 B,,,,,0.0176434612,25.40658413
1531.282915,428.434915,428.434915,track sync: B outro starts,d019-040.wav,8.0,Track Sync,008 B outro starts,,,1.016341827311556,,0.01772318189,25.52138192
1533.7938139999999,430.945814,430.945814,note: right & left track switched?,d019-040.wav,8.0,Note,right & left track switched?,Crucial,Jamie Myerson,,,0.01775224322,25.56323023
1577.475008,474.627008,474.627008,orig008 end: A,d019-040.wav,8.0,Orig End,008: A,Crucial,Jamie Myerson,,,0.01825781259,26.29125013
1579.660163,476.812163,476.812163,start009: ID: Net Radio - Promo3 Club Groove,d019-040.wav,9.0,TrackStart,,Promo3 Club Groove,Net Radio,,,0.01828310374,26.32766938
1587.504876,484.656876,484.659416,note: file sync wave,d019-040.wav,9.0,Note,file sync wave,Promo3 Club Groove,Net Radio,,,0.01837389903,26.4584146
1593.848006,491.000006,491.000006,note: file sync start: d026-073b 1593.848006 verified d019-040,d019-040.wav,9.0,Note,file sync start: d026-073b 1593.848006 verified d019-040,Promo3 Club Groove,Net Radio,,,0.01844731488,26.56413343
1593.848006,491.000006,1317.632,note d026-073b: file note: in sync with d019-040.wav over this range,d019-040.wav,9.0,Note,note d026-073b: file note: in sync with d019-040.wav over this range,Promo3 Club Groove,Net Radio,,,0.01844731488,26.56413343
1612.676182,509.828182,509.828182,orig010 start: A,d019-040.wav,9.0,Orig Start,010: A,Promo3 Club Groove,Net Radio,,,0.01866523359,26.87793637
1613.7705819999999,510.922582,510.922582,start010: ID: Odyssey - Artificial Life,d019-040.wav,10.0,TrackStart,,Artificial Life,Odyssey,,,0.01867790025,26.89617637
1614.956277,512.108277,514.108763,track sync: A start,d019-040.wav,10.0,Track Sync,010 A start,,,,,0.01869162358,26.91593795
1618.059983,515.211983,515.211983,orig010 start: A,d019-040.wav,10.0,Orig Start,010: A,Artificial Life,Odyssey,,,0.0187275461,26.96766638
1620.340078,517.492078,519.492564,orig010 sync: A start,d019-040.wav,10.0,Orig Sync,010 A start,,,,,0.01875393609,27.00566797
1847.255654,744.407654,756.783131,track sync: B last big change,d019-040.wav,10.0,Track Sync,010 B last big change,,,,,0.02138027377,30.78759423
1848.309395,745.461395,757.836873,orig010 sync: B,d019-040.wav,10.0,Orig Sync,010 B,,,1.0189940473436603,,0.02139246985,30.80515658
2111.357172,1008.509172,1008.509172,orig011 start: A,d019-040.wav,10.0,Orig Start,011: A,Artificial Life,Odyssey,,,0.02443700431,35.1892862
2111.357172,1008.509172,1008.509172,orig011 start: A,d019-040.wav,10.0,Orig Start,011: A,Artificial Life,Odyssey,,,0.02443700431,35.1892862
2123.848,1021.0,1021.0,note: transition start?,d019-040.wav,10.0,Note,transition start?,Artificial Life,Odyssey,,,0.02458157407,35.39746667
2124.627836,1021.779836,1021.779836,note: ...transition (1st vocalization),d019-040.wav,10.0,Note,...transition (1st vocalization),Artificial Life,Odyssey,,,0.02459059995,35.41046393
2131.676561,1028.828561,1032.886847,orig010 sync: C last drum,d019-040.wav,10.0,Orig Sync,010 C last drum,,,1.0189940473436603,,0.02467218242,35.52794268
2131.676561,1028.828561,1032.886847,track sync: C last drum,d019-040.wav,10.0,Track Sync,010 C last drum,,,1.0189940473436603,,0.02467218242,35.52794268
2134.77181,1031.92381,1317.63,start011: ID: Tricky - Piano (The Green Stinky Mix),d019-040.wav,11.0,TrackStart,,Piano (The Green Stinky Mix),Tricky,,,0.02470800706,35.57953017
2136.173507,1033.325507,1033.325507,orig010 end: A,d019-040.wav,11.0,Orig End,010: A,Piano (The Green Stinky Mix),Tricky,,,0.02472423041,35.60289178
2137.321536,1034.473536,1037.734081,orig011 sync: A drum start,d019-040.wav,11.0,Orig Sync,011 A drum start,,,,,0.02473751778,35.6220256
2137.321536,1034.473536,1037.734081,track sync: A drum start,d019-040.wav,11.0,Track Sync,011 A drum start,,,,,0.02473751778,35.6220256
2137.500747,1034.652747,1034.654225,note: ...drums,d019-040.wav,11.0,Note,...drums,Piano (The Green Stinky Mix),Tricky,,,0.02473959198,35.62501245
2140.404473,1037.556473,1037.556473,orig010 end: C,d019-040.wav,11.0,Orig End,010: C,Piano (The Green Stinky Mix),Tricky,,,0.02477319992,35.67340788
2415.886231,1313.038231,1313.038231,orig012 start: A,d019-040.wav,11.0,Orig Start,012: A,Piano (The Green Stinky Mix),Tricky,,,0.02796164619,40.26477052
2415.886231,1313.038231,1313.038231,orig012 start: A,d019-040.wav,11.0,Orig Start,012: A,Piano (The Green Stinky Mix),Tricky,,,0.02796164619,40.26477052
2417.837329,1314.989329,1316.637946,orig011 sync: B beat out,d019-040.wav,11.0,Orig Sync,011 B beat out,,,,,0.02798422834,40.29728882
2418.302287,1315.454287,1317.102904,track sync: B beat out,d019-040.wav,11.0,Track Sync,011 B beat out,,,1.0016575109551855,,0.0279896098,40.30503812
2420.48,1317.632,1317.632,file end: d019-040.wav COMPLETED,d019-040.wav,11.0,File End,d019-040.wav COMPLETED,Piano (The Green Stinky Mix),Tricky,,,0.02801481481,40.34133333
2420.48,1317.632,1317.632,note: file start sync: d041-064.wav 2420.48 verified d026-045,d019-040.wav,11.0,Note,file start sync: d041-064.wav 2420.48 verified d026-045,Piano (The Green Stinky Mix),Tricky,,,0.02801481481,40.34133333
2420.48,1317.632,1317.632,orig012 note: d041-064 start,d019-040.wav,11.0,Orig Note,012: d041-064 start,Piano (The Green Stinky Mix),Tricky,,,0.02801481481,40.34133333
2420.4880000000003,1317.64,1317.64,note: file_d041-064: covered in in d026-073b.labels,d019-040.wav,11.0,Note,file_d041-064: covered in in d026-073b.labels,Piano (The Green Stinky Mix),Tricky,,,0.02801490741,40.34146667
2420.9867759999997,1318.138776,1320.99483,note: file_d041-064: track sync A raise your face to the sun,d019-040.wav,11.0,Note,file_d041-064: track sync A raise your face to the sun,Piano (The Green Stinky Mix),Tricky,,,0.02802068028,40.3497796
2420.9867759999997,1318.138776,1320.99483,orig012 note: orig012 sync A,d019-040.wav,11.0,Orig Note,012: orig012 sync A,Piano (The Green Stinky Mix),Tricky,,,0.02802068028,40.3497796
2429.4051719999998,1326.557172,1326.557172,orig011 end: A,d019-040.wav,11.0,Orig End,011: A,Piano (The Green Stinky Mix),Tricky,,,0.02811811542,40.4900862
2429.8701300000002,1327.02213,1327.02213,orig011 end: B,d019-040.wav,11.0,Orig End,011: B,Piano (The Green Stinky Mix),Tricky,,,0.02812349688,40.4978355
2750.558878,1647.710878,1647.710878,note: d026-073b: d041-064 skips ahead here,d019-040.wav,11.0,Note,d026-073b: d041-064 skips ahead here,Piano (The Green Stinky Mix),Tricky,,,0.0318351722,45.84264797
2750.558878,1647.710878,1647.710878,note: file_d041-064: file note: skip starts,d019-040.wav,11.0,Note,file_d041-064: file note: skip starts,Piano (The Green Stinky Mix),Tricky,,,0.0318351722,45.84264797
2750.558878,1647.710878,1648.670941,note: file_d041-064: file note: skip span,d019-040.wav,11.0,Note,file_d041-064: file note: skip span,Piano (The Green Stinky Mix),Tricky,,,0.0318351722,45.84264797
2751.5189410000003,1648.670941,1648.670941,note: file_d041-064: file note: skip destination (post-split-and-sync),d019-040.wav,11.0,Note,file_d041-064: file note: skip destination (post-split-and-sync),Piano (The Green Stinky Mix),Tricky,,,0.03184628404,45.85864902
2753.0031,1650.1551,1650.159542,note: d026-073b: sync with d041-064 post-skip,d019-040.wav,11.0,Note,d026-073b: sync with d041-064 post-skip,Piano (The Green Stinky Mix),Tricky,,,0.03186346181,45.883385
2768.835347,1665.987347,1665.987347,orig012 end: A,d019-040.wav,11.0,Orig End,012: A,Piano (The Green Stinky Mix),Tricky,,,0.03204670541,46.14725578
3886.208,2783.36,2783.36,note: d026-073b: file end d041-064 (before skip),d019-040.wav,11.0,Note,d026-073b: file end d041-064 (before skip),Piano (The Green Stinky Mix),Tricky,,,0.04497925926,64.77013333
3919.0522499999997,2816.20425,2816.20425,note: file end d041-064 (after skip),d019-040.wav,11.0,Note,file end d041-064 (after skip),Piano (The Green Stinky Mix),Tricky,,,0.04535940104,65.3175375
4441.016006,3338.168006,3338.168006,note: file end d026-073b,d019-040.wav,11.0,Note,file end d026-073b,Piano (The Green Stinky Mix),Tricky,,,0.05140064822,74.01693343
1530.9385399999999,428.09054,428.09054,file start sync: d026-045.wav 1102.848000 verified d019-040,d026-045.wav,,File Start Sync,d026-045.wav 1102.848 verified d019-040,,Tricky,,,0.01771919606,25.51564233
1530.9385399999999,428.09054,1317.632,file note: in sync with d019-040.wav over this range,d026-045.wav,,File Note,in sync with d019-040.wav over this range,,Tricky,,,0.01771919606,25.51564233
1587.504876,484.656876,484.659416,note: file sync wave,d026-045.wav,,Note,file sync wave,,Tricky,,,0.01837389903,26.4584146
2420.48,1317.632,1628.09054,file note: in sync with d026-073b.wav over this range,d026-045.wav,,File Note,in sync with d026-073b.wav over this range,,Tricky,,,0.02801481481,40.34133333
2731.282915,1628.434915,1628.434915,file end: d026-045.wav COMPLETE,d026-045.wav,,File End,d026-045.wav COMPLETE,,Tricky,,,0.03161207078,45.52138192
1593.848006,0.0,0.0,file start sync: d026-073b.wav 1593.848006 verified d019-040,d026-073b.wav,,File Start Sync,d026-073b.wav 1593.848006 verified d019-040,,,,,0.01844731488,26.56413343
1593.848006,0.0,0.0,ID11: Tricky - Piano (The Green Stinky Mix),d026-073b.wav,11.0,TrackID,,Piano (The Green Stinky Mix),Tricky,,,0.01844731488,26.56413343
1593.848006,0.0,826.631994,file note: in sync with d019-040.wav over this range,d026-073b.wav,11.0,File Note,in sync with d019-040.wav over this range,Piano (The Green Stinky Mix),Tricky,,,0.01844731488,26.56413343
2415.886231,822.038225,822.038225,orig012 start: A,d026-073b.wav,11.0,Orig Start,012: A,Piano (The Green Stinky Mix),Tricky,,,0.02796164619,40.26477052
2415.886231,822.038225,822.038225,orig012 start: A,d026-073b.wav,11.0,Orig Start,012: A,Piano (The Green Stinky Mix),Tricky,,,0.02796164619,40.26477052
2416.277227,822.429221,822.429221,orig012 start: B,d026-073b.wav,11.0,Orig Start,012: B,Piano (The Green Stinky Mix),Tricky,,,0.02796617161,40.27128712
2420.48,826.631994,826.631994,note: file end: d019-040.wav COMPLETED,d026-073b.wav,11.0,Note,file end: d019-040.wav COMPLETED,Piano (The Green Stinky Mix),Tricky,,,0.02801481481,40.34133333
2420.48,826.631994,826.631994,orig012 note: d041-064 start,d026-073b.wav,11.0,Orig Note,012: d041-064 start,Piano (The Green Stinky Mix),Tricky,,,0.02801481481,40.34133333
2420.48,826.631994,1168.50006,start012: ID: Eighty Mile Beach - Arboleda de Manzanitas (Drum & Bass Mix),d026-073b.wav,12.0,TrackStart,,Arboleda de Manzanitas (Drum & Bass Mix),Eighty Mile Beach,,,0.02801481481,40.34133333
2420.9867759999997,827.13877,829.994824,orig012 sync: A,d026-073b.wav,12.0,Orig Sync,012 A,,,,,0.02802068028,40.3497796
2420.9867759999997,827.13877,829.994824,track sync: A raise your face to the sun,d026-073b.wav,12.0,Track Sync,012 A raise your face to the sun,,,,,0.02802068028,40.3497796
2429.4051719999998,835.557166,835.557166,orig011 end: A,d026-073b.wav,12.0,Orig End,011: A,Arboleda de Manzanitas (Drum & Bass Mix),Eighty Mile Beach,,,0.02811811542,40.4900862
2429.87013,836.022124,836.022124,orig011 end: B,d026-073b.wav,12.0,Orig End,011: B,Arboleda de Manzanitas (Drum & Bass Mix),Eighty Mile Beach,,,0.02812349688,40.4978355
2730.938602,1137.090596,1137.090596,note: file start d046-065,d026-073b.wav,12.0,Note,file start d046-065,Arboleda de Manzanitas (Drum & Bass Mix),Eighty Mile Beach,,,0.03160808567,45.51564337
2743.542972,1149.694966,1156.126893,orig012 sync: B,d026-073b.wav,12.0,Orig Sync,012 B,,,,,0.03175396958,45.7257162
2743.9339680000003,1150.085962,1156.51789,track sync: B last horn hehoohahoo,d026-073b.wav,12.0,Track Sync,012 B last horn hehoohahoo,,,1.0012121794739919,,0.031758495,45.7322328
2748.67824,1154.830234,1156.208048,note: hehoohahoo,d026-073b.wav,12.0,Note,hehoohahoo,Arboleda de Manzanitas (Drum & Bass Mix),Eighty Mile Beach,,,0.03181340556,45.811304
2751.325962,1157.477956,1157.771833,note: last your,d026-073b.wav,12.0,Note,last your,Arboleda de Manzanitas (Drum & Bass Mix),Eighty Mile Beach,,,0.03184405049,45.8554327
2753.0031,1159.155094,1159.159536,note: sync with d041-064 post-skip,d026-073b.wav,12.0,Note,sync with d041-064 post-skip,Arboleda de Manzanitas (Drum & Bass Mix),Eighty Mile Beach,,,0.03186346181,45.883385
2760.241516,1166.39351,1168.962018,orig012 sync: C put your fire to the ground,d026-073b.wav,12.0,Orig Sync,012 C put your fire to the ground,,,1.0012121794739919,,0.03194723977,46.00402527
2760.66929,1166.821284,1169.389792,track sync: C last put your fire to the ground,d026-073b.wav,12.0,Track Sync,012 C last put your fire to the ground,,,1.0012121794739919,,0.03195219086,46.01115483
2762.216779,1168.368773,1168.368773,orig013 start: 0 imprecise start sync,d026-073b.wav,12.0,Orig Start,013: 0 imprecise start sync,Arboleda de Manzanitas (Drum & Bass Mix),Eighty Mile Beach,,,0.03197010161,46.03694632
2762.2306799999997,1168.382674,1168.382674,orig013 start: A,d026-073b.wav,12.0,Orig Start,013: A,Arboleda de Manzanitas (Drum & Bass Mix),Eighty Mile Beach,,,0.0319702625,46.037178
2762.2306799999997,1168.382674,1168.382674,orig013 start: A,d026-073b.wav,12.0,Orig Start,013: A,Arboleda de Manzanitas (Drum & Bass Mix),Eighty Mile Beach,,,0.0319702625,46.037178
2762.3482759999997,1168.50027,1559.51506,start013: ID: DJ Addiction - Senses,d026-073b.wav,13.0,TrackStart,,Senses,DJ Addiction,,,0.03197162356,46.03913793
2762.364761,1168.516755,1168.516755,orig013 start: 1,d026-073b.wav,13.0,Orig Start,013: 1,Senses,DJ Addiction,,,0.03197181436,46.03941268
2763.303129,1169.455123,1169.455123,orig013 start: B,d026-073b.wav,13.0,Orig Start,013: B,Senses,DJ Addiction,,,0.0319826751,46.05505215
2766.203199,1172.355193,1172.355193,mix end: 012,d026-073b.wav,13.0,Mix End,12.0,Senses,DJ Addiction,,,0.03201624073,46.10338665
2768.835347,1174.987341,1174.987341,orig012 end: A,d026-073b.wav,13.0,Orig End,012: A,Senses,DJ Addiction,,,0.03204670541,46.14725578
2768.835347,1174.987341,1174.987341,orig012 end: A,d026-073b.wav,13.0,Orig End,012: A,Senses,DJ Addiction,,,0.03204670541,46.14725578
2769.2263430000003,1175.378337,1175.378337,orig012 end: B,d026-073b.wav,13.0,Orig End,012: B,Senses,DJ Addiction,,,0.03205123082,46.15377238
2769.2631229999997,1175.415117,1175.415117,orig012 end: C,d026-073b.wav,13.0,Orig End,012: C,Senses,DJ Addiction,,,0.03205165652,46.15438538
2769.795397,1175.947391,1175.947391,orig012 end: A,d026-073b.wav,13.0,Orig End,012: A,Senses,DJ Addiction,,,0.03205781709,46.16325662
2783.349326,1189.50132,1198.096328,orig013 sync: A,d026-073b.wav,13.0,Orig Sync,013 A,,,,,0.03221469127,46.38915543
2783.349326,1189.50132,1198.096328,track sync: A,d026-073b.wav,13.0,Track Sync,013 A,,,,,0.03221469127,46.38915543
2786.124234,1192.276228,1193.21321,note: horn start,d026-073b.wav,13.0,Note,horn start,Senses,DJ Addiction,,,0.03224680826,46.4354039
2798.374828,1204.526822,1209.240473,orig013 sync: 1 we are destined... hard to get this sync right,d026-073b.wav,13.0,Orig Sync,013 1 we are destined... hard to get this sync right,,,,,0.03238859755,46.63958047
2798.50891,1204.660904,1209.374554,track sync: 1 we are destined to gain knowledge from our wildest dreams,d026-073b.wav,13.0,Track Sync,013 1 we are destined to gain knowledge from our wildest dreams,,,,,0.03239014942,46.64181517
3133.9905209999997,1540.142515,1540.142515,mix start: 014 ooh,d026-073b.wav,13.0,Mix Start,014 ooh,Senses,DJ Addiction,,,0.03627303844,52.23317535
3151.495017,1557.647011,1559.402677,orig013 sync: B last big beat,d026-073b.wav,13.0,Orig Sync,013 B last big beat,,,,,0.03647563677,52.52491695
3151.6074,1557.759394,1559.51506,track sync: B last big beat,d026-073b.wav,13.0,Track Sync,013 B last big beat,,,1.0003052677316273,,0.0364769375,52.52679
3153.363066,1559.51506,1740.959003,start014: ID: Me'Shell NdegéOcello - Stay (The Midnight Rockers Remix),d026-073b.wav,14.0,TrackStart,,Stay (The Midnight Rockers Remix),Me'Shell NdegéOcello,,,0.03649725771,52.5560511
3154.8563560000002,1561.00835,1562.248587,"note: first ""stay""",d026-073b.wav,14.0,Note,"first ""stay""",Stay (The Midnight Rockers Remix),Me'Shell NdegéOcello,,,0.03651454116,52.58093927
3165.516993,1571.668987,1584.783342,orig013 sync: 2,d026-073b.wav,13.0,Orig Sync,013 2,,,1.0003052677316273,,0.03663792816,52.75861655
3165.651009,1571.803003,1584.917358,"track013 sync: 2 last ""we are destined...""",d026-073b.wav,13.0,Track Sync,"013 2 last ""we are destined...""",,,1.0003052677316273,,0.03663947927,52.76085015
3173.643669,1579.795663,1580.644643,orig013 note: forest tree,d026-073b.wav,14.0,Orig Note,013: forest tree,Stay (The Midnight Rockers Remix),Me'Shell NdegéOcello,,,0.03673198691,52.89406115
3174.065554,1580.217548,1580.568749,note: tree,d026-073b.wav,14.0,Note,tree,Stay (The Midnight Rockers Remix),Me'Shell NdegéOcello,,,0.03673686984,52.90109257
3178.937511,1585.089505,1585.089505,mix end: 013,d026-073b.wav,14.0,Mix End,13.0,Stay (The Midnight Rockers Remix),Me'Shell NdegéOcello,,,0.03679325823,52.98229185
3192.519115,1598.671109,1598.671109,orig013 end: A,d026-073b.wav,14.0,Orig End,013: A,Stay (The Midnight Rockers Remix),Me'Shell NdegéOcello,,,0.03695045272,53.20865192
3192.519659,1598.671653,1598.671653,orig013 end: A,d026-073b.wav,14.0,Orig End,013: A,Stay (The Midnight Rockers Remix),Me'Shell NdegéOcello,,,0.03695045902,53.20866098
3193.592108,1599.744102,1599.744102,orig013 end: B,d026-073b.wav,14.0,Orig End,013: B,Stay (The Midnight Rockers Remix),Me'Shell NdegéOcello,,,0.03696287162,53.22653513
3193.613741,1599.765735,1599.765735,orig013 end: 2,d026-073b.wav,14.0,Orig End,013: 2,Stay (The Midnight Rockers Remix),Me'Shell NdegéOcello,,,0.036963122,53.22689568
3213.963273,1620.115267,1620.115267,note: ...organ kicks in,d026-073b.wav,14.0,Note,...organ kicks in,Stay (The Midnight Rockers Remix),Me'Shell NdegéOcello,,,0.03719864899,53.56605455
3274.247953,1680.399947,1680.399947,note: ..transition (break/c'mon),d026-073b.wav,14.0,Note,..transition (break/c'mon),Stay (The Midnight Rockers Remix),Me'Shell NdegéOcello,,,0.03789638834,54.57079922
3334.65605,1740.808044,1740.808044,orig015 start: A,d026-073b.wav,14.0,Orig Start,015: A,Stay (The Midnight Rockers Remix),Me'Shell NdegéOcello,,,0.03859555613,55.57760083
3334.65605,1740.808044,1740.808044,orig015 start: A,d026-073b.wav,14.0,Orig Start,015: A,Stay (The Midnight Rockers Remix),Me'Shell NdegéOcello,,,0.03859555613,55.57760083
3334.807009,1740.959003,1748.858537,orig015 sync: A it's all in your,d026-073b.wav,15.0,Orig Sync,015 A it's all in your,,,,,0.03859730334,55.58011682
3334.807009,1740.959003,1748.858537,track015 sync: A it's all in your imagination,d026-073b.wav,15.0,Track Sync,015 A it's all in your imagination,,,,,0.03859730334,55.58011682
3334.848006,1741.0,2366.159003,start015: ID: DJ Crystl - Mind Games,d026-073b.wav,15.0,TrackStart,,Mind Games,DJ Crystl,,,0.03859777785,55.5808001
3357.627066,1763.77906,1763.77906,mix end: 014,d026-073b.wav,15.0,Mix End,14.0,Mind Games,DJ Crystl,,,0.03886142438,55.9604511
3830.7440180000003,2236.896012,2236.896012,note: file start d064-083b,d026-073b.wav,15.0,Note,file start d064-083b,Mind Games,DJ Crystl,,,0.04433731502,63.84573363
3857.3735049999996,2263.525499,2263.525499,note: d064-083b mark,d026-073b.wav,15.0,Note,d064-083b mark,Mind Games,DJ Crystl,,,0.04464552668,64.28955842
3879.201591,2285.353585,2286.80318,orig015 sync: B,d026-073b.wav,15.0,Orig Sync,015 B,,,,,0.04489816656,64.65335985
3881.34437,2287.496364,2288.087823,orig015 sync: C start of d065,d026-073b.wav,15.0,Orig Sync,015 C start of d065,,,,,0.04492296725,64.68907283
3885.00014,2291.152134,2292.602326,track sync: B you can be capable,d026-073b.wav,15.0,Track Sync,015 B you can be capable,,,1.010651371618537,,0.0449652794,64.75000233
3886.2079999999996,2292.359994,2292.359994,note: file end d041-064 (before skip),d026-073b.wav,15.0,Note,file end d041-064 (before skip),Mind Games,DJ Crystl,,,0.04497925926,64.77013333
3887.168066,2293.32006,2293.32006,note d065-087: file start sync: d065-087.wav NEEDMARKINOWNFILE verified by d026-073b,d026-073b.wav,15.0,Note,note d065-087: file start sync: d065-087.wav NEEDMARKINOWNFILE verified by d026-073b,Mind Games,DJ Crystl,,,0.04499037113,64.78613443
3887.168066,2293.32006,2293.911519,note d065-087: track sync: C start of d065,d026-073b.wav,15.0,Track Sync,015 C start of d065,,,1.010651371618537,,0.04499037113,64.78613443
3887.168066,2293.32006,2847.168,file note: in sync with d065-087 over this range,d026-073b.wav,15.0,File Note,in sync with d065-087 over this range,Mind Games,DJ Crystl,,,0.04499037113,64.78613443
3919.0522499999997,2325.204244,2325.204244,note: file end d041-064 (after skip),d026-073b.wav,15.0,Note,file end d041-064 (after skip),Mind Games,DJ Crystl,,,0.04535940104,65.3175375
3930.9386029999996,2337.090597,2337.090597,note: file start d066-085,d026-073b.wav,15.0,Note,file start d066-085,Mind Games,DJ Crystl,,,0.04549697457,65.51564338
3981.709111,2387.861105,2387.861105,orig015 end: A,d026-073b.wav,15.0,Orig End,015: A,Mind Games,DJ Crystl,,,0.04608459619,66.36181852
3987.507659,2393.659653,2393.659653,orig015 end: B,d026-073b.wav,15.0,Orig End,015: B,Mind Games,DJ Crystl,,,0.04615170902,66.45846098
4194.008003,2600.159997,2600.159997,note: file start d069-086,d026-073b.wav,15.0,Note,file start d069-086,Mind Games,DJ Crystl,,,0.04854175929,69.90013338
4441.016006,2847.168,2847.168,file end: d026-073b.wav COMPLETE,d026-073b.wav,15.0,File End,d026-073b.wav COMPLETE,Mind Games,DJ Crystl,,,0.05140064822,74.01693343
5030.744018,3436.896012,3436.896012,note: file end d06-083b pre-skips,d026-073b.wav,15.0,Note,file end d06-083b pre-skips,Mind Games,DJ Crystl,,,0.05822620391,83.84573363
5056.760045,3462.912039,3462.912039,note: file end d064-083b post-all-skips,d026-073b.wav,15.0,Note,file end d064-083b post-all-skips,Mind Games,DJ Crystl,,,0.05852731534,84.27933408
5267.520066,3673.67206,3673.67206,note: end file d065-087 (PRIMARY FILE),d026-073b.wav,15.0,Note,end file d065-087 (PRIMARY FILE),Mind Games,DJ Crystl,,,0.06096666743,87.7920011
4194.008003,2600.159997,2600.159997,file start sync: d069-086.wav 1593.848006 verified d026-073b,d069-086.wav,,File Start Sync,d069-086.wav 1593.848006 verified d026-073b,,DJ Crystl,,,0.04854175929,69.90013338
4194.008003,2600.159997,2847.168,file note: in sync with d026-073b over this range,d069-086.wav,,File Note,in sync with d026-073b over this range,,DJ Crystl,,,0.04854175929,69.90013338
4441.016006,2847.168,3673.567997,file note: in sync with d065-087 over this range,d069-086.wav,,File Note,in sync with d065-087 over this range,,DJ Crystl,,,0.05140064822,74.01693343
5267.416003,3673.567997,3673.567997,file end: d069-086.wav COMPLETE,d069-086.wav,,File End,d069-086.wav COMPLETE,,DJ Crystl,,,0.060965463,87.79026672
3930.9386029999996,2337.090597,2337.090597,file start sync: d066-085.wav 1593.848006 verified d026-073b,d066-085.wav,,File Start Sync,d066-085.wav 1593.848006 verified d026-073b,,DJ Crystl,,,0.04549697457,65.51564338
3930.9386029999996,2337.090597,3537.090535,file note: in sync with d065-087 over this range,d066-085.wav,,File Note,in sync with d065-087 over this range,,DJ Crystl,,,0.04549697457,65.51564338
5130.93855,3537.090544,3537.090544,file end: d066-085.wav COMPLETE,d066-085.wav,,File End,d066-085.wav COMPLETE,,DJ Crystl,,,0.05938586285,85.5156425
3830.7440180000003,2236.896012,2236.896012,file start sync: d064-083b.wav 1593.848006 verified d026-073b,d064-083b.wav,,File Start Sync,d064-083b.wav 1593.848006 verified d026-073b,,DJ Crystl,,,0.04433731502,63.84573363
4064.6057680000004,2470.757762,2470.949762,file note: skip1 0.192s,d064-083b.wav,,File Note,skip1 0.192s,,DJ Crystl,,,0.04704404824,67.74342947
4064.7977680000004,2470.949762,2470.949762,file note: resume from skip1,d064-083b.wav,,File Note,resume from skip1,,DJ Crystl,,,0.04704627046,67.74662947
4154.841509,2560.993503,2565.889503,file note: skip2 ahead 4.896s,d064-083b.wav,,File Note,skip2 ahead 4.896s,,DJ Crystl,,,0.04808844339,69.24735848
4159.737508,2565.889502,2565.889502,file note: resume from skip2,d064-083b.wav,,File Note,resume from skip2,,DJ Crystl,,,0.04814511005,69.32895847
4395.993758,2802.145752,2802.529814,file note: skip3 ahead 0.384s,d064-083b.wav,,File Note,skip3 ahead 0.384s,,DJ Crystl,,,0.05087955738,73.26656263
4396.37782,2802.529814,2802.529814,file note: resume from skip3,d064-083b.wav,,File Note,resume from skip3,,DJ Crystl,,,0.05088400255,73.27296367
4506.783445,2912.935439,2918.119439,file note: skip4 span 5.184s,d064-083b.wav,,File Note,skip4 span 5.184s,,DJ Crystl,,,0.05216184543,75.11305742
4511.967445,2918.119439,2918.119439,file note: resume from skip4,d064-083b.wav,,File Note,resume from skip4,,DJ Crystl,,,0.05222184543,75.19945742
4539.710445,2945.862439,2946.918456,file note: skip5 ahead 1.056s,d064-083b.wav,,File Note,skip5 ahead 1.056s,,DJ Crystl,,,0.05254294497,75.66184075
4540.766445,2946.918439,2950.940357,"file note: resume from skip5, 1.05s not in sync",d064-083b.wav,,File Note,"resume from skip5, 1.05s not in sync",,DJ Crystl,,,0.05255516719,75.67944075
4733.723757,3139.875751,3140.643752,file note: skip6 ahead 0.768s,d064-083b.wav,,File Note,skip6 ahead 0.768s,,DJ Crystl,,,0.05478846941,78.89539595
4734.491758,3140.643752,3140.643752,file note: resume from skip6,d064-083b.wav,,File Note,resume from skip6,,DJ Crystl,,,0.05479735831,78.90819597
4831.73787,3237.889864,3240.001939,file note: skip7 ahead 2.112s,d064-083b.wav,,File Note,skip7 ahead 2.112s,,DJ Crystl,,,0.05592289201,80.5289645
4833.849945,3240.001939,3240.001939,file note: resume from skip7,d064-083b.wav,,File Note,resume from skip7,,DJ Crystl,,,0.05594733733,80.56416575
5008.577802,3414.729796,3420.777723,file note: skip8 ahead 6.048s,d064-083b.wav,,File Note,skip8 ahead 6.048s,,DJ Crystl,,,0.05796965049,83.4762967
5024.027729,3430.179723,3430.563785,file note: skip9 ahead 0.384s,d064-083b.wav,,File Note,skip9 ahead 0.384s,,DJ Crystl,,,0.05814846909,83.73379548
5028.352354,3434.504348,3439.496289,file note: skip10 ahead 4.992s,d064-083b.wav,,File Note,skip10 ahead 4.992s,,DJ Crystl,,,0.05819852262,83.80587257
5033.344295,3439.496289,3439.881723,file note: skip10 resumes brief out of sync,d064-083b.wav,,File Note,skip10 resumes brief out of sync,,DJ Crystl,,,0.05825629971,83.88907158
5056.760045,3462.912039,3462.912039,file end: d064-083b COMPLETE,d064-083b.wav,,File End,d064-083b COMPLETE,,DJ Crystl,,,0.05852731534,84.27933408
2730.938602,1137.090596,1137.090596,file start sync: d046-065.wav 1593.848006 verified d026-073b,d046-065.wav,,File Start Sync,d046-065.wav 1593.848006 verified d026-073b,,DJ Crystl,,,0.03160808567,45.51564337
2730.938602,1137.090596,2334.751119,file note: in sync with d026-073b.wav over this range,d046-065.wav,,File Note,in sync with d026-073b.wav over this range,,DJ Crystl,,,0.03160808567,45.51564337
3928.5991249999997,2334.751119,2334.751119,file end: d046-065.wav COMPLETE,d046-065.wav,,File End,d046-065.wav COMPLETE,,DJ Crystl,,,0.04546989728,65.47665208
2420.48,826.631994,826.631994,file start sync: d041-064.wav 1593.848006 verified d026-073b,d041-064.wav,,File Start Sync,d041-064.wav 1593.848006 verified d026-073b,,DJ Crystl,,,0.02801481481,40.34133333
2420.48,826.631994,2293.32006,file note: in sync with d026-073b over this range (not including skips),d041-064.wav,,File Note,in sync with d026-073b over this range (not including skips),,DJ Crystl,,,0.02801481481,40.34133333
2750.558878,1156.710872,1157.670935,file note: skip ahead 0.960063s,d041-064.wav,,File Note,skip ahead 0.960063s,,DJ Crystl,,,0.0318351722,45.84264797
2751.5189410000003,1157.670935,1157.670935,file note: skip destination (post-split-and-sync),d041-064.wav,,File Note,skip destination (post-split-and-sync),,DJ Crystl,,,0.03184628404,45.85864902
3887.168066,2293.32006,2293.32006,file end: d041-064.wav COMPLETE,d041-064.wav,,File End,d041-064.wav COMPLETE,,DJ Crystl,,,0.04499037113,64.78613443
1530.9385399999999,-62.909466,-62.909466,file start sync: d026-045.wav 1593.848006 verified d019-040,d026-045.wav,,File Start Sync,d026-045.wav 1593.848006 verified d019-040,,DJ Crystl,,,0.01771919606,25.51564233
1530.9385399999999,-62.909466,826.631994,file note: in sync with d019-040.wav over this range,d026-045.wav,,File Note,in sync with d019-040.wav over this range,,DJ Crystl,,,0.01771919606,25.51564233
1587.504876,-6.34313,-6.34059,note: file sync wave,d026-045.wav,,Note,file sync wave,,DJ Crystl,,,0.01837389903,26.4584146
2420.48,826.631994,1137.090534,file note: in sync with d026-073b.wav over this range,d026-045.wav,,File Note,in sync with d026-073b.wav over this range,,DJ Crystl,,,0.02801481481,40.34133333
2731.282915,1137.434909,1137.434909,file end: d026-045.wav COMPLETED,d026-045.wav,,File End,d026-045.wav COMPLETED,,DJ Crystl,,,0.03161207078,45.52138192
3887.168066,0.0,0.0,file start sync: d065-087.wav 3887.168066 verified by d026-073b,d065-087.wav,,File Start Sync,d065-087.wav 3887.168066 verified by d026-073b,,,,,0.04499037113,64.78613443
3881.3443700000003,-5.823696,-5.232237,orig015 sync: C start of d065,d065-087.wav,15.0,Orig Sync,015 C start of d065,,,1.010651371618537,,0.04492296725,64.68907283
3887.168066,0.0,0.591459,track sync: C start of d065,d065-087.wav,,Track Sync, C start of d065,,,,,0.04499037113,64.78613443
3887.168066,0.0,72.854,ID015: DJ Crystl - Mind Games,d065-087.wav,15.0,TrackID,,Mind Games,DJ Crystl,,,0.04499037113,64.78613443
3924.285138,37.117072,37.117072,orig016 start: 0,d065-087.wav,15.0,Orig Start,016: 0,Mind Games,DJ Crystl,,,0.04541996688,65.4047523
3924.4246390000003,37.256573,37.256573,orig016 start: A,d065-087.wav,15.0,Orig Start,016: A,Mind Games,DJ Crystl,,,0.04542158147,65.40707732
3924.4246390000003,37.256573,48.814717,orig016 note: range not in mix,d065-087.wav,15.0,Orig Note,016: range not in mix,Mind Games,DJ Crystl,,,0.04542158147,65.40707732
3925.370195,38.202129,38.202129,orig016 sync: 1,d065-087.wav,16.0,Orig Sync,016 1,,,,,0.04543252541,65.42283658
3927.7599920000002,40.591926,41.523017,orig016 note: thrill me,d065-087.wav,15.0,Orig Note,016: thrill me,Mind Games,DJ Crystl,,,0.04546018509,65.46266653
3935.9827830000004,48.814717,49.696485,orig016 sync: 0 first drop,d065-087.wav,16.0,Orig Sync,016 0 first drop,,,,,0.04555535628,65.59971305
3947.880868,60.712802,61.561541,track016 sync: 0 first drop,d065-087.wav,16.0,Track Sync,016 0 first drop,,,,,0.0456930656,65.79801447
3947.88184,60.713774,60.713774,note: ..transition,d065-087.wav,15.0,Note,..transition,Mind Games,DJ Crystl,,,0.04569307685,65.79803067
3948.021341,60.853275,61.716817,orig016 sync: 0 first drop,d065-087.wav,16.0,Orig Sync,016 0 first drop,,,,,0.04569469145,65.80035568
3960.022116,72.85405,75.859595,orig016 sync: A,d065-087.wav,16.0,Orig Sync,016 A,,,,,0.04583358931,66.0003686
3960.022116,72.85405,75.859595,track016 sync: A,d065-087.wav,16.0,Track Sync,016 A,,,,,0.04583358931,66.0003686
3960.022116,72.85405,368.104,start016: ID: Skyjuice - The Rope-A-Dope,d065-087.wav,16.0,TrackStart,,The Rope-A-Dope,Skyjuice,,,0.04583358931,66.0003686
3962.1043910000003,74.936325,75.859595,note: thrill me,d065-087.wav,16.0,Note,thrill me,The Rope-A-Dope,Skyjuice,,,0.04585768971,66.03507318
3976.938305,89.770239,90.413687,orig015 sync: D end,d065-087.wav,15.0,Orig Sync,015 D end,,,1.010651371618537,,0.04602937853,66.28230508
3981.709111,94.541045,94.541045,orig015 end: A,d065-087.wav,16.0,Orig End,015: A,The Rope-A-Dope,Skyjuice,,,0.04608459619,66.36181852
3981.709111,94.541045,94.541045,orig015 end: as viewed in d065-087,d065-087.wav,16.0,Orig End,015: as viewed in d065-087,The Rope-A-Dope,Skyjuice,,,0.04608459619,66.36181852
3983.8428400000003,96.674774,97.318222,track015 sync: D end,d065-087.wav,15.0,Track Sync,015 D end,,,1.010651371618537,,0.04610929213,66.39738067
3987.50766,100.339594,100.339594,orig015 end: B,d065-087.wav,16.0,Orig End,015: B,The Rope-A-Dope,Skyjuice,,,0.04615170903,66.458461
3987.532807,100.364741,100.364741,orig015 end: C,d065-087.wav,16.0,Orig End,015: C,The Rope-A-Dope,Skyjuice,,,0.04615200008,66.45888012
3988.6136460000002,101.44558,101.44558,orig015 end: D,d065-087.wav,16.0,Orig End,015: D,The Rope-A-Dope,Skyjuice,,,0.04616450979,66.4768941
4040.290442,153.122376,155.945042,orig016 sync: 1 oh-by-see-you,d065-087.wav,16.0,Orig Sync,016 1 oh-by-see-you,,,,,0.04676262086,67.33817403
4041.235997,154.067931,156.890597,track sync: 1 oh-by-see-you,d065-087.wav,16.0,Track Sync,016 1 oh-by-see-you,,,,,0.04677356478,67.35393328
4224.559779,337.391713,337.391713,note: ..restart after false stop,d065-087.wav,16.0,Note,..restart after false stop,The Rope-A-Dope,Skyjuice,,,0.04889536781,70.40932965
4228.343796,341.17573,341.17573,"note: ..""brilliant""",d065-087.wav,16.0,Note,"..""brilliant""",The Rope-A-Dope,Skyjuice,,,0.04893916431,70.4723966
4254.56252,367.394454,371.761772,orig016 sync: B,d065-087.wav,16.0,Orig Sync,016 B,,,,,0.04924262176,70.90937533
4255.103112,367.935046,367.935046,orig017 start: A,d065-087.wav,16.0,Orig Start,017: A,The Rope-A-Dope,Skyjuice,,,0.04924887861,70.9183852
4255.103112,367.935046,367.935046,orig017 start: A - note this is the 7.52 min version,d065-087.wav,16.0,Orig Start,017: A - note this is the 7.52 min version,The Rope-A-Dope,Skyjuice,,,0.04924887861,70.9183852
4255.272352,368.104286,844.452,start017: ID: Erykah Badu - On & On (Blu Mar Ten Remix),d065-087.wav,17.0,TrackStart,,On & On (Blu Mar Ten Remix),Erykah Badu,,,0.04925083741,70.92120587
4256.06282,368.894754,368.894754,orig017 start: 1,d065-087.wav,17.0,Orig Start,017: 1,On & On (Blu Mar Ten Remix),Erykah Badu,,,0.04925998634,70.93438033
4257.908166,370.7401,375.107419,track016 sync: B fade out last thrill me,d065-087.wav,16.0,Track Sync,016 B fade out last thrill me,,,1.011358869460911,,0.04928134451,70.9651361
4261.070043,373.901977,373.901977,"note: .. transition, beats stop",d065-087.wav,17.0,Note,".. transition, beats stop",On & On (Blu Mar Ten Remix),Erykah Badu,,,0.04931794031,71.01783405
4262.7749570000005,375.606891,375.606891,orig016 end: A,d065-087.wav,17.0,Orig End,016: A,On & On (Blu Mar Ten Remix),Erykah Badu,,,0.04933767311,71.04624928
4263.720512,376.552446,376.552446,orig016 end: 1,d065-087.wav,17.0,Orig End,016: 1,On & On (Blu Mar Ten Remix),Erykah Badu,,,0.04934861704,71.06200853
4266.120603,378.952537,378.952537,orig016 end: B,d065-087.wav,17.0,Orig End,016: B,On & On (Blu Mar Ten Remix),Erykah Badu,,,0.04937639587,71.10201005
4270.595258,383.427192,383.427192,orig017 start: B,d065-087.wav,17.0,Orig Start,017: B,On & On (Blu Mar Ten Remix),Erykah Badu,,,0.04942818586,71.17658763
4289.453681,402.285615,402.285615,note: .. chords come in,d065-087.wav,17.0,Note,.. chords come in,On & On (Blu Mar Ten Remix),Erykah Badu,,,0.04964645464,71.49089468
4289.453681,402.285615,405.077177,orig017 sync: A chords start - v hard to get good sync - mix noticeably slowed,d065-087.wav,17.0,Orig Sync,017 A chords start - v hard to get good sync - mix noticeably slowed,,,,,0.04964645464,71.49089468
4289.463385,402.295319,405.086881,track sync: A chords start,d065-087.wav,17.0,Track Sync,017 A chords start,,,,,0.04964656696,71.49105642
4312.659758,425.491692,434.463543,orig017 sync: 1 first bass hit,d065-087.wav,17.0,Orig Sync,017 1 first bass hit,,,,,0.0499150435,71.87766263
4313.619467,426.451401,435.423251,track sync: 1 first bass hit,d065-087.wav,17.0,Track Sync,017 1 first bass hit,,,,,0.04992615124,71.89365778
4314.639143,427.471077,427.471077,note: peak,d065-087.wav,17.0,Note,peak,On & On (Blu Mar Ten Remix),Erykah Badu,,,0.04993795304,71.91065238
4578.00778,690.839714,693.329643,orig017 sync: 2 drums return,d065-087.wav,17.0,Orig Sync,017 2 drums return,,,,,0.05298620116,76.30012967
4588.350655,701.182589,703.672518,track sync: 2 drums return,d065-087.wav,17.0,Track Sync,017 2 drums return,,,,,0.05310591036,76.47251092
4588.855756,701.68769,701.68769,note: mark,d065-087.wav,17.0,Note,mark,On & On (Blu Mar Ten Remix),Erykah Badu,,,0.05311175644,76.48092927
4712.734236,825.56617,825.56617,orig018 start: B,d065-087.wav,17.0,Orig Start,018: B,On & On (Blu Mar Ten Remix),Erykah Badu,,,0.05454553514,78.5455706
4715.49403,828.325964,828.325964,orig018 start: 1,d065-087.wav,17.0,Orig Start,018: 1,On & On (Blu Mar Ten Remix),Erykah Badu,,,0.0545774772,78.59156717
4717.503649,830.335583,831.94937,orig017 sync: B cymbal sigh out,d065-087.wav,17.0,Orig Sync,017 B cymbal sigh out,,,,,0.05460073668,78.62506082
4718.736479,831.568413,831.568413,orig018 start: A,d065-087.wav,17.0,Orig Start,018: A,On & On (Blu Mar Ten Remix),Erykah Badu,,,0.05461500554,78.64560798
4718.736479,831.568413,831.568413,orig018 start: A,d065-087.wav,17.0,Orig Start,018: A,On & On (Blu Mar Ten Remix),Erykah Badu,,,0.05461500554,78.64560798
4719.10276,831.934694,831.934694,orig018 start: 0,d065-087.wav,17.0,Orig Start,018: 0,On & On (Blu Mar Ten Remix),Erykah Badu,,,0.05461924491,78.65171267
4721.723466,834.5554,834.5554,note: ..transition starts,d065-087.wav,17.0,Note,..transition starts,On & On (Blu Mar Ten Remix),Erykah Badu,,,0.05464957715,78.6953911
4724.6078640000005,837.439798,839.747625,orig018 sync: 0 duum-bop,d065-087.wav,18.0,Orig Sync,018 0 duum-bop,,,,,0.05468296139,78.7434644
4724.974145,837.806079,840.113906,track018 sync: 0 duum-bop,d065-087.wav,18.0,Track Sync,018 0 duum-bop,,,,,0.05468720075,78.74956908
4727.246258,840.078192,840.078192,orig017 end: A,d065-087.wav,17.0,Orig End,017: A,On & On (Blu Mar Ten Remix),Erykah Badu,,,0.05471349836,78.78743763
4731.6200770000005,844.452011,1171.68,start018: ID: Bugs - The Oracle (Extended Instrumental Remix),d065-087.wav,18.0,TrackStart,,The Oracle (Extended Instrumental Remix),Bugs,,,0.05476412126,78.86033462
4732.995795,845.827729,847.441516,track017 sync: B cymbal sigh out,d065-087.wav,17.0,Track Sync,017 B cymbal sigh out,,,1.0361697071777376,,0.05478004392,78.88326325
4737.487162,850.319096,852.453836,orig018 sync: A imperfect sync,d065-087.wav,18.0,Orig Sync,018 A imperfect sync,,,,,0.05483202734,78.95811937
4737.487162,850.319096,852.453836,track sync: A,d065-087.wav,18.0,Track Sync,018 A,,,,,0.05483202734,78.95811937
4742.738571,855.570505,855.570505,orig017 end: B,d065-087.wav,18.0,Orig End,017: B,The Oracle (Extended Instrumental Remix),Bugs,,,0.05489280753,79.04564285
4751.257438000001,864.089372,864.089372,note: ..new bassline starts,d065-087.wav,18.0,Note,..new bassline starts,The Oracle (Extended Instrumental Remix),Bugs,,,0.05499140553,79.18762397
4777.051069,889.883003,889.883003,note: ..good-bayy!,d065-087.wav,18.0,Note,..good-bayy!,The Oracle (Extended Instrumental Remix),Bugs,,,0.05528994293,79.61751782
4914.17003,1027.001964,1029.002609,track sync: 1 midway drop,d065-087.wav,18.0,Track Sync,018 1 midway drop,,,,,0.05687696794,81.90283383
4917.4124790000005,1030.244413,1032.245058,orig018 sync: 1 midway drop,d065-087.wav,18.0,Orig Sync,018 1 midway drop,,,,,0.05691449628,81.95687465
5026.209573,1139.041507,1139.041507,note: ..transition (bassline ends),d065-087.wav,18.0,Note,..transition (bassline ends),The Oracle (Extended Instrumental Remix),Bugs,,,0.05817372191,83.77015955
5026.243944,1139.075878,1139.075878,orig019 start: A,d065-087.wav,18.0,Orig Start,019: A,The Oracle (Extended Instrumental Remix),Bugs,,,0.05817411972,83.7707324
5026.243944,1139.075878,1139.075878,orig019 start: A,d065-087.wav,18.0,Orig Start,019: A,The Oracle (Extended Instrumental Remix),Bugs,,,0.05817411972,83.7707324
5026.3921980000005,1139.224132,1139.224132,orig019 start: B,d065-087.wav,18.0,Orig Start,019: B,The Oracle (Extended Instrumental Remix),Bugs,,,0.05817583563,83.7732033
5029.614531,1142.446465,1142.446465,note: ..true bassline end?,d065-087.wav,18.0,Note,..true bassline end?,The Oracle (Extended Instrumental Remix),Bugs,,,0.05821313115,83.82690885
5030.168512,1143.000446,1144.161008,"note: ""bag bone gone""",d065-087.wav,18.0,Note,"""bag bone gone""",The Oracle (Extended Instrumental Remix),Bugs,,,0.05821954296,83.83614187
5030.189761,1143.021695,1144.159708,"orig019 note: ""bag bone gone""",d065-087.wav,18.0,Orig Note,"019: ""bag bone gone""",The Oracle (Extended Instrumental Remix),Bugs,,,0.0582197889,83.83649602
5031.511231,1144.343165,1147.890442,orig018 note: bow-wow slow,d065-087.wav,18.0,Orig Note,018: bow-wow slow,The Oracle (Extended Instrumental Remix),Bugs,,,0.05823508369,83.85852052
5037.027897,1149.859831,1151.404539,orig019 sync: A first xylophone,d065-087.wav,19.0,Orig Sync,019 A first xylophone,,,,,0.05829893399,83.95046495
5037.027897,1149.859831,1151.404539,track019 sync: A first xylophone,d065-087.wav,19.0,Track Sync,019 A first xylophone,,,,,0.05829893399,83.95046495
5044.645137,1157.477071,1159.565026,orig018 note: cymbals al-reada-ready,d065-087.wav,18.0,Orig Note,018: cymbals al-reada-ready,The Oracle (Extended Instrumental Remix),Bugs,,,0.05838709649,84.07741895
5047.447481,1160.279415,1160.279415,"note: .. last ""to mind""",d065-087.wav,18.0,Note,".. last ""to mind""",The Oracle (Extended Instrumental Remix),Bugs,,,0.05841953103,84.12412468
5052.615286,1165.44722,1170.161955,orig018 note: to my-my-mind,d065-087.wav,18.0,Orig Note,018: to my-my-mind,The Oracle (Extended Instrumental Remix),Bugs,,,0.05847934359,84.21025477
5056.760086,1169.59202,1169.59202,note: file start d084-103b,d065-087.wav,18.0,Note,file start d084-103b,The Oracle (Extended Instrumental Remix),Bugs,,,0.05852731581,84.27933477
5058.848247,1171.680181,1380.35,start019: ID: Monty Norman - James Bond Theme (Stephane Malca Remix),d065-087.wav,19.0,TrackStart,,James Bond Theme (Stephane Malca Remix),Monty Norman,,,0.05855148434,84.31413745
5059.344654,1172.176588,1178.297932,note: bwowww string plucks from 017,d065-087.wav,19.0,Note,bwowww string plucks from 017,James Bond Theme (Stephane Malca Remix),Monty Norman,,,0.05855722979,84.3224109
5063.825083,1176.657017,1177.893403,track018 sync: B pentultimate string plucks,d065-087.wav,18.0,Track Sync,018 B pentultimate string plucks,,,,,0.05860908661,84.39708472
5066.041056,1178.87299,1183.969395,orig018 note: bwowww string plucks,d065-087.wav,19.0,Orig Note,018: bwowww string plucks,James Bond Theme (Stephane Malca Remix),Monty Norman,,,0.05863473444,84.4340176
5068.107749000001,1180.939683,1185.314813,mix end: 018,d065-087.wav,19.0,Mix End,18.0,James Bond Theme (Stephane Malca Remix),Monty Norman,,,0.0586586545,84.46846248
5069.8273260000005,1182.65926,1183.895645,orig018 sync: B pentultimate string plucks,d065-087.wav,18.0,Orig Sync,018 B pentultimate string plucks,,,0.9819394594750218,,0.05867855701,84.4971221
5076.157376,1188.98931,1188.98931,note: skip in 084-103b,d065-087.wav,19.0,Note,skip in 084-103b,James Bond Theme (Stephane Malca Remix),Monty Norman,,,0.05875182148,84.60262293
5078.154324,1190.986258,1287.56898,orig018 note: not in mix,d065-087.wav,19.0,Orig Note,018: not in mix,James Bond Theme (Stephane Malca Remix),Monty Norman,,,0.05877493431,84.6359054
5082.879395,1195.711329,1195.711329,note: ..cymbals start,d065-087.wav,19.0,Note,..cymbals start,James Bond Theme (Stephane Malca Remix),Monty Norman,,,0.05882962263,84.71465658
5084.810194,1197.642128,1201.975195,orig018 note: new beat/funky,d065-087.wav,19.0,Orig Note,018: new beat/funky,James Bond Theme (Stephane Malca Remix),Monty Norman,,,0.05885196984,84.74683657
5090.950576,1203.78251,1205.196931,orig018 note: good byyye,d065-087.wav,19.0,Orig Note,018: good byyye,James Bond Theme (Stephane Malca Remix),Monty Norman,,,0.05892303907,84.84917627
5107.335385,1220.167319,1220.167319,"note: ..""My Name's Bond, James Bond""",d065-087.wav,19.0,Note,"..""My Name's Bond, James Bond""",James Bond Theme (Stephane Malca Remix),Monty Norman,,,0.05911267807,85.12225642
5130.938819,1243.770753,1243.770753,note: file start d086-105,d065-087.wav,19.0,Note,file start d086-105,James Bond Theme (Stephane Malca Remix),Monty Norman,,,0.05938586596,85.51564698
5131.062039,1243.893973,1244.80356,orig018 note: good byye,d065-087.wav,19.0,Orig Note,018: good byye,James Bond Theme (Stephane Malca Remix),Monty Norman,,,0.05938729212,85.51770065
5168.734803,1281.566737,1281.566737,orig018 end: B,d065-087.wav,19.0,Orig End,018: B,James Bond Theme (Stephane Malca Remix),Monty Norman,,,0.05982331948,86.14558005
5171.494597,1284.326531,1284.326531,orig018 end: 1,d065-087.wav,19.0,Orig End,018: 1,James Bond Theme (Stephane Malca Remix),Monty Norman,,,0.05985526154,86.19157662
5174.737046,1287.56898,1287.56898,orig018 end: A,d065-087.wav,19.0,Orig End,018: A,James Bond Theme (Stephane Malca Remix),Monty Norman,,,0.05989278988,86.24561743
5245.133811,1357.965745,1359.83985,orig019 sync: B rythm stop,d065-087.wav,19.0,Orig Sync,019 B rythm stop,,,,,0.06070756726,87.41889685
5251.284307,1364.116241,1365.990346,track sync: B rhythm stop,d065-087.wav,19.0,Track Sync,019 B rhythm stop,,,1.0295546430266271,,0.06077875355,87.52140512
5251.917905,1364.749839,1364.749839,note: ...begin wind down,d065-087.wav,19.0,Note,...begin wind down,James Bond Theme (Stephane Malca Remix),Monty Norman,,,0.06078608686,87.53196508
5256.514056,1369.34599,1369.34599,orig019 note: audio ends,d065-087.wav,19.0,Orig Note,019: audio ends,James Bond Theme (Stephane Malca Remix),Monty Norman,,,0.06083928306,87.6085676
5259.352939,1372.184873,1372.881277,"note: ""excellent""",d065-087.wav,19.0,Note,"""excellent""",James Bond Theme (Stephane Malca Remix),Monty Norman,,,0.0608721405,87.65588232
5260.008719,1372.840653,1372.840653,note: peak,d065-087.wav,19.0,Note,peak,James Bond Theme (Stephane Malca Remix),Monty Norman,,,0.06087973054,87.66681198
5261.130649000001,1373.962583,1373.962583,orig020 start: A,d065-087.wav,19.0,Orig Start,020: A,James Bond Theme (Stephane Malca Remix),Monty Norman,,,0.06089271584,87.68551082
5261.169048,1374.000982,1374.000982,orig019 end: A,d065-087.wav,19.0,Orig End,019: A,James Bond Theme (Stephane Malca Remix),Monty Norman,,,0.06089316028,87.6861508
5261.369570000001,1374.201504,1383.393086,note d088-107: 019 french speech,d065-087.wav,19.0,Note,note d088-107: 019 french speech,James Bond Theme (Stephane Malca Remix),Monty Norman,,,0.06089548113,87.68949283
5262.6645530000005,1375.496487,1375.496487,note: 019 audio ends here sync B - seems to be length 4:02 on all discogs versions,d065-087.wav,19.0,Note,019 audio ends here sync B - seems to be length 4:02 on all discogs versions,James Bond Theme (Stephane Malca Remix),Monty Norman,,,0.06091046936,87.71107588
5262.6645530000005,1375.496487,1380.279662,"note: where did this run-down/transition come from - seems like 019, but not on orig and not on 020 or 021",d065-087.wav,19.0,Note,"where did this run-down/transition come from - seems like 019, but not on orig and not on 020 or 021",James Bond Theme (Stephane Malca Remix),Monty Norman,,,0.06091046936,87.71107588
5264.349331,1377.181265,1377.663987,orig020 sync: A plait,d065-087.wav,20.0,Orig Sync,020 A plait,,,,,0.06092996911,87.73915552
5264.349331,1377.181265,1377.663987,track020 sync: A plait,d065-087.wav,20.0,Track Sync,020 A plait,,,,,0.06092996911,87.73915552
5267.319544,1380.151478,1380.151478,orig019 end: B,d065-087.wav,19.0,Orig End,019: B,James Bond Theme (Stephane Malca Remix),Monty Norman,,,0.06096434657,87.78865907
5267.4160440000005,1380.247978,1380.247978,note d087-121: file start sync: d087-121.wav 3887.168066 verified by d065-087 double-checked - to be recorded in later file,d065-087.wav,19.0,Note,note d087-121: file start sync: d087-121.wav 3887.168066 verified by d065-087 double-checked - to be recorded in later file,James Bond Theme (Stephane Malca Remix),Monty Norman,,,0.06096546347,87.7902674
5267.4160440000005,1380.247978,1380.247978,note: file start d087-121,d065-087.wav,19.0,Note,file start d087-121,James Bond Theme (Stephane Malca Remix),Monty Norman,,,0.06096546347,87.7902674
5267.4160440000005,1380.247978,1380.352,note d087-121: file note: in sync with d065-087 over this range,d065-087.wav,19.0,Note,note d087-121: file note: in sync with d065-087 over this range,James Bond Theme (Stephane Malca Remix),Monty Norman,,,0.06096546347,87.7902674
5267.470377,1380.302311,1380.305867,note d087-121: note: verify point d065-087,d065-087.wav,19.0,Note,note d087-121: note: verify point d065-087,James Bond Theme (Stephane Malca Remix),Monty Norman,,,0.06096609233,87.79117295
5267.520066,1380.352,1380.352,file end: d065-087.wav COMPLETE,d065-087.wav,19.0,File End,d065-087.wav COMPLETE,James Bond Theme (Stephane Malca Remix),Monty Norman,,,0.06096666743,87.7920011
5267.520066,1380.352,1380.352,note d088-107: file start: d088-107.wav 3887.168066 verified by d086-105 double-checked,d065-087.wav,19.0,Note,note d088-107: file start: d088-107.wav 3887.168066 verified by d086-105 double-checked,James Bond Theme (Stephane Malca Remix),Monty Norman,,,0.06096666743,87.7920011
5267.520066,1380.352,1380.352,note d088-107: start020: ID: Angelo Badalamenti & David Lynch - Twin Peaks (Alëem Remix),d065-087.wav,20.0,TrackStart,,Twin Peaks (Alëem Remix),Angelo Badalamenti & David Lynch,,,0.06096666743,87.7920011
5267.520066,1380.352,1380.352,note: file start d088-107,d065-087.wav,20.0,Note,file start d088-107,Twin Peaks (Alëem Remix),Angelo Badalamenti & David Lynch,,,0.06096666743,87.7920011
5267.520066,1380.352,1766.620351,note d087-121: file note: in sync with d088-107 over this range,d065-087.wav,20.0,Note,note d087-121: file note: in sync with d088-107 over this range,Twin Peaks (Alëem Remix),Angelo Badalamenti & David Lynch,,,0.06096666743,87.7920011
5267.600915,1380.432849,1380.435915,note d088-107: sync with d087-121,d065-087.wav,20.0,Note,note d088-107: sync with d087-121,Twin Peaks (Alëem Remix),Angelo Badalamenti & David Lynch,,,0.06096760318,87.79334858
5277.383471,1390.215405,1392.319734,orig020 note: organ start,d065-087.wav,20.0,Orig Note,020: organ start,Twin Peaks (Alëem Remix),Angelo Badalamenti & David Lynch,,,0.06108082721,87.95639118
5286.960325,1399.792259,1399.792259,note d088-107: note: organ stops wah-wah enters,d065-087.wav,20.0,Note,note d088-107: note: organ stops wah-wah enters,Twin Peaks (Alëem Remix),Angelo Badalamenti & David Lynch,,,0.06119167043,88.11600542
5286.960325,1399.792259,1622.346549,orig020 note: not used in mix,d065-087.wav,20.0,Orig Note,020: not used in mix,Twin Peaks (Alëem Remix),Angelo Badalamenti & David Lynch,,,0.06119167043,88.11600542
5509.514615,1622.346549,1622.346549,orig020 end: A,d065-087.wav,20.0,Orig End,020: A,Twin Peaks (Alëem Remix),Angelo Badalamenti & David Lynch,,,0.06376753027,91.82524358
5653.788417,1766.620351,1766.620351,note d087-121: skip from here to multiple skip range,d065-087.wav,20.0,Note,note d087-121: skip from here to multiple skip range,Twin Peaks (Alëem Remix),Angelo Badalamenti & David Lynch,,,0.06543736594,94.22980695
5669.345044,1782.176978,1783.530459,note d087-121: multiple skips -- start stop unknown,d065-087.wav,20.0,Note,note d087-121: multiple skips -- start stop unknown,Twin Peaks (Alëem Remix),Angelo Badalamenti & David Lynch,,,0.06561741949,94.48908407
5720.421857,1833.253791,1833.253791,note d087-121: resume from multiple skips,d065-087.wav,20.0,Note,note d087-121: resume from multiple skips,Twin Peaks (Alëem Remix),Angelo Badalamenti & David Lynch,,,0.06620858631,95.34036428
5720.421857,1833.253791,2604.1835,note d087-121: file note: in sync with d088-107 over this range,d065-087.wav,20.0,Note,note d087-121: file note: in sync with d088-107 over this range,Twin Peaks (Alëem Remix),Angelo Badalamenti & David Lynch,,,0.06620858631,95.34036428
7337.944044,3450.775978,3450.775978,note d087-121: file end: d087-121 not complete in d065-087.labels,d065-087.wav,20.0,Note,note d087-121: file end: d087-121 not complete in d065-087.labels,Twin Peaks (Alëem Remix),Angelo Badalamenti & David Lynch,,,0.08492990792,122.2990674
5130.938694,1243.770628,1243.770628,file start sync: d086-105.wav 3887.168066 verified by d065-087 double-checked,d086-105.wav,,File Start Sync,d086-105.wav 3887.168066 verified by d065-087 double-checked,,Angelo Badalamenti & David Lynch,,,0.05938586451,85.5156449
5130.938694,1243.770628,1380.352,file note: in sync with d065-087 over this range,d086-105.wav,,File Note,in sync with d065-087 over this range,,Angelo Badalamenti & David Lynch,,,0.05938586451,85.5156449
5131.176301,1244.008235,1244.010744,note: verify point d065-087,d086-105.wav,,Note,verify point d065-087,,Angelo Badalamenti & David Lynch,,,0.05938861459,85.51960502
5132.811555,1245.643489,1245.649116,note: verify point2 d065-087,d086-105.wav,,Note,verify point2 d065-087,,Angelo Badalamenti & David Lynch,,,0.05940754115,85.54685925
5267.520066,1380.352,2451.196003,file note: in sync with d088-107 over this range,d086-105.wav,,File Note,in sync with d088-107 over this range,,Angelo Badalamenti & David Lynch,,,0.06096666743,87.7920011
6288.1224440000005,2400.954378,2408.379753,file note: skip1 7.425s,d086-105.wav,,File Note,skip1 7.425s,,Angelo Badalamenti & David Lynch,,,0.07277919495,104.8020407
6295.547819,2408.379753,2408.379753,file note: resume from skip1,d086-105.wav,,File Note,resume from skip1,,Angelo Badalamenti & David Lynch,,,0.07286513679,104.925797
6338.364069,2451.196003,2451.196003,file end: d086-105.wav COMPLETE,d086-105.wav,,File End,d086-105.wav COMPLETE,,Angelo Badalamenti & David Lynch,,,0.07336069524,105.6394012
5056.760086,1169.59202,1169.59202,file start sync: d084-103b.wav 3887.168066 verified by d065-087,d084-103b.wav,,File Start Sync,d084-103b.wav 3887.168066 verified by d065-087,,Angelo Badalamenti & David Lynch,,,0.05852731581,84.27933477
5056.760086,1169.59202,1380.352,file note: in sync (except for skips) with d065-087 over this range,d084-103b.wav,,File Note,in sync (except for skips) with d065-087 over this range,,Angelo Badalamenti & David Lynch,,,0.05852731581,84.27933477
5076.157399,1188.989333,1190.621333,file note: skip1 1.632s,d084-103b.wav,,File Note,skip1 1.632s,,Angelo Badalamenti & David Lynch,,,0.05875182175,84.60262332
5077.789399,1190.621333,1190.621333,file note: resume from skip1,d084-103b.wav,,File Note,resume from skip1,,Angelo Badalamenti & David Lynch,,,0.05877071064,84.62982332
5126.846853,1239.678787,1240.350833,file note: skip2 0.672s,d084-103b.wav,,File Note,skip2 0.672s,,Angelo Badalamenti & David Lynch,,,0.05933850524,85.44744755
5127.518899000001,1240.350833,1240.350833,file note: resume from skip2,d084-103b.wav,,File Note,resume from skip2,,Angelo Badalamenti & David Lynch,,,0.05934628355,85.45864832
5165.72576,1278.557694,1279.805645,file note: skip3 1.248s,d084-103b.wav,,File Note,skip3 1.248s,,Angelo Badalamenti & David Lynch,,,0.05978849259,86.09542933
5166.973711000001,1279.805645,1279.805645,file note: resume from skip3,d084-103b.wav,,File Note,resume from skip3,,Angelo Badalamenti & David Lynch,,,0.05980293647,86.11622852
5191.544862000001,1304.376796,1305.624833,file note: skip4 1.248s,d084-103b.wav,,File Note,skip4 1.248s,,Angelo Badalamenti & David Lynch,,,0.06008732479,86.5257477
5192.792899,1305.624833,1305.624833,file note: resume from skip4,d084-103b.wav,,File Note,resume from skip4,,Angelo Badalamenti & David Lynch,,,0.06010176966,86.54654832
5267.520066,1380.352,2374.391958,file note: presume contains further skips beyond skip5 -- not bothering to check,d084-103b.wav,,File Note,presume contains further skips beyond skip5 -- not bothering to check,,Angelo Badalamenti & David Lynch,,,0.06096666743,87.7920011
5273.777967,1386.609901,1391.476097,file note: skip5 in this range,d084-103b.wav,,File Note,skip5 in this range,,Angelo Badalamenti & David Lynch,,,0.06103909684,87.89629945
6261.560024,2374.391958,2374.391958,file end: d084-103b.wav COMPLETE -- PRESUME MORE SKIPS DO NOT USE,d084-103b.wav,,File End,d084-103b.wav COMPLETE -- PRESUME MORE SKIPS DO NOT USE,,Angelo Badalamenti & David Lynch,,,0.07247175954,104.3593337
5267.520066,0.0,0.0,file start sync: d088-107.wav 5267.520066 verified by d086-105 double-checked,d088-107.wav,,File Start Sync,d088-107.wav 5267.520066 verified by d086-105 double-checked,,,,,0.06096666743,87.7920011
5261.130649,-6.389417,-6.389417,orig020 start: A,d088-107.wav,,Orig Start,020: A,,,,,0.06089271584,87.68551082
5264.349331,-3.170735,-2.688013,orig020 sync: A plait,d088-107.wav,20.0,Orig Sync,020 A plait,,,,,0.06092996911,87.73915552
5264.349331,-3.170735,-2.688013,track020 sync: A plait,d088-107.wav,20.0,Track Sync,020 A plait,,,,,0.06092996911,87.73915552
5267.520066,0.0,1.93,start020: ID: Angelo Badalamenti & David Lynch - Twin Peaks (Alëem Remix),d088-107.wav,20.0,TrackStart,,Twin Peaks (Alëem Remix),Angelo Badalamenti & David Lynch,,,0.06096666743,87.7920011
5269.406007,1.885941,1.885941,orig021 start: A,d088-107.wav,20.0,Orig Start,021: A,Twin Peaks (Alëem Remix),Angelo Badalamenti & David Lynch,,,0.06098849545,87.82343345
5269.406007,1.885941,1.885941,orig021 start: A,d088-107.wav,20.0,Orig Start,021: A,Twin Peaks (Alëem Remix),Angelo Badalamenti & David Lynch,,,0.06098849545,87.82343345
5269.450066,1.93,425.8,start021: ID: Blame - J-Walkin',d088-107.wav,21.0,TrackStart,,J-Walkin',Blame,,,0.06098900539,87.82416777
5269.872329,2.352263,2.723936,orig021 sync: A better,d088-107.wav,21.0,Orig Sync,021 A better,,,,,0.0609938927,87.83120548
5269.872329,2.352263,2.723936,track sync: A,d088-107.wav,21.0,Track Sync,021 A,,,,,0.0609938927,87.83120548
5270.164306,2.64424,2.64424,note: sync A2,d088-107.wav,21.0,Note,sync A2,J-Walkin',Blame,,,0.06099727206,87.83607177
5277.383471,9.863405,11.967734,orig020 note: organ start,d088-107.wav,21.0,Orig Note,020: organ start,J-Walkin',Blame,,,0.06108082721,87.95639118
5286.960325,19.440259,19.440259,note: organ stops wah-wah enters,d088-107.wav,21.0,Note,organ stops wah-wah enters,J-Walkin',Blame,,,0.06119167043,88.11600542
5286.960325,19.440259,241.994549,orig020 note: not used in mix,d088-107.wav,21.0,Orig Note,020: not used in mix,J-Walkin',Blame,,,0.06119167043,88.11600542
5509.514615,241.994549,241.994549,orig020 end: A,d088-107.wav,21.0,Orig End,020: A,J-Walkin',Blame,,,0.06376753027,91.82524358
5682.619366,415.0993,416.571277,orig021 sync: B,d088-107.wav,21.0,Orig Sync,021 B,,,,,0.06577105748,94.71032277
5684.147098,416.627032,418.099009,track sync: B last bass note,d088-107.wav,21.0,Track Sync,021 B last bass note,,,1.003701376056153,,0.06578873956,94.73578497
5693.217211,425.697145,425.697145,orig022 start: 1,d088-107.wav,21.0,Orig Start,022: 1,J-Walkin',Blame,,,0.06589371772,94.88695352
5693.319819,425.799753,425.799753,orig022 start: A,d088-107.wav,21.0,Orig Start,022: A,J-Walkin',Blame,,,0.06589490531,94.88866365
5693.319819,425.799753,425.799753,orig022 start: A,d088-107.wav,21.0,Orig Start,022: A,J-Walkin',Blame,,,0.06589490531,94.88866365
5693.319819,425.799753,803.058,start022: ID: Castillo - Junkle I,d088-107.wav,22.0,TrackStart,,Junkle I,Castillo,,,0.06589490531,94.88866365
5693.56324,426.043174,426.526347,orig022 sync: A,d088-107.wav,22.0,Orig Sync,022 A,,,,,0.06589772269,94.89272067
5693.56324,426.043174,426.526347,track sync: A opening,d088-107.wav,22.0,Track Sync,022 A opening,,,,,0.06589772269,94.89272067
5696.664783,429.144717,429.144717,orig021 end: A,d088-107.wav,22.0,Orig End,021: A,Junkle I,Castillo,,,0.06593362017,94.94441305
5698.192515,430.672449,430.672449,orig021 end: B,d088-107.wav,22.0,Orig End,021: B,Junkle I,Castillo,,,0.06595130226,94.96987525
5726.94184,459.421774,460.738189,track sync: 1,d088-107.wav,22.0,Track Sync,022 1,,,,,0.06628404907,95.44903067
5727.044448,459.524382,460.840797,orig022 sync: 1,d088-107.wav,22.0,Orig Sync,022 1,,,,,0.06628523667,95.4507408
6060.462104,792.942038,802.86939,orig022 sync: B,d088-107.wav,22.0,Orig Sync,022 B,,,,,0.07014423731,101.0077017
6060.753714,793.233648,803.057848,track sync: B end,d088-107.wav,22.0,Track Sync,022 B end,,,1.0007947966827173,,0.07014761243,101.0125619
6070.577914,803.057848,803.057848,orig023 start: A,d088-107.wav,22.0,Orig Start,023: A,Junkle I,Castillo,,,0.07026131845,101.1762986
6070.577914,803.057848,806.317053,orig023 sync: A start,d088-107.wav,23.0,Orig Sync,023 A start,,,,,0.07026131845,101.1762986
6070.577915,803.057849,803.057849,orig023 start: A,d088-107.wav,22.0,Orig Start,023: A,Junkle I,Castillo,,,0.07026131846,101.1762986
6070.577915,803.057849,806.317053,track023 sync: A start,d088-107.wav,23.0,Track Sync,023 A start,,,,,0.07026131846,101.1762986
6070.577915,803.057849,1189.379001,start023: ID: The Amalgamation of Soundz - 63rd Suite,d088-107.wav,23.0,TrackStart,,63rd Suite,The Amalgamation of Soundz,,,0.07026131846,101.1762986
6076.554807,809.034741,809.034741,orig022 end: B,d088-107.wav,23.0,Orig End,022: B,63rd Suite,The Amalgamation of Soundz,,,0.07033049545,101.2759135
6301.112066,1033.592,1033.592,note d107-121b: file start sync: d107-121b.wav MARK verified by d088-107,d088-107.wav,23.0,Note,note d107-121b: file start sync: d107-121b.wav MARK verified by d088-107,63rd Suite,The Amalgamation of Soundz,,,0.0729295378,105.0185344
6301.112066,1033.592,1033.592,note: file start sync: d107-121b.wav,d088-107.wav,23.0,Note,file start sync: d107-121b.wav,63rd Suite,The Amalgamation of Soundz,,,0.0729295378,105.0185344
6338.360066,1070.84,1070.84,note d107-121b: file start sync: d106-125.wav MARK verified by d107-121,d088-107.wav,23.0,Note,note d107-121b: file start sync: d106-125.wav MARK verified by d107-121,63rd Suite,The Amalgamation of Soundz,,,0.07336064891,105.6393344
6338.360066,1070.84,1070.84,note: file start sync: d106-125.wav,d088-107.wav,23.0,Note,file start sync: d106-125.wav,63rd Suite,The Amalgamation of Soundz,,,0.07336064891,105.6393344
6427.519356,1159.99929,1161.256798,orig023 sync: 1,d088-107.wav,23.0,Orig Sync,023 1,,,,,0.07439258514,107.1253226
6428.33947,1160.819404,1162.076911,track sync: 1,d088-107.wav,23.0,Track Sync,023 1,,,,,0.0744020772,107.1389912
6454.59368,1187.073614,1187.828119,orig023 sync: B,d088-107.wav,23.0,Orig Sync,023 B,,,,,0.07470594537,107.5765613
6455.46588,1187.945814,1188.700318,track sync: B end,d088-107.wav,23.0,Track Sync,023 B end,,,1.0022712583107851,,0.07471604028,107.591098
6456.899067,1189.379001,1189.379001,orig024 start: A,d088-107.wav,23.0,Orig Start,024: A,63rd Suite,The Amalgamation of Soundz,,,0.07473262809,107.6149845
6456.899067,1189.379001,1189.379001,orig024 start: A,d088-107.wav,23.0,Orig Start,024: A,63rd Suite,The Amalgamation of Soundz,,,0.07473262809,107.6149845
6456.899067,1189.379001,1223.831439,start024: ID: Crash - Shoeshiner,d088-107.wav,24.0,TrackStart,,Shoeshiner,Crash,,,0.07473262809,107.6149845
6457.258844,1189.738778,1189.917833,orig024 sync: A,d088-107.wav,24.0,Orig Sync,024 A,,,,,0.07473679218,107.6209807
6457.258844,1189.738778,1189.917833,track sync: A start,d088-107.wav,24.0,Track Sync,024 A start,,,,,0.07473679218,107.6209807
6461.5779139999995,1194.057848,1194.057848,orig023 end: A,d088-107.wav,24.0,Orig End,023: A,Shoeshiner,Crash,,,0.07478678141,107.6929652
6462.398028,1194.877962,1194.877962,orig023 end: 1,d088-107.wav,24.0,Orig End,023: 1,Shoeshiner,Crash,,,0.07479627347,107.7066338
6462.450114,1194.930048,1194.930048,orig023 end: B,d088-107.wav,24.0,Orig End,023: B,Shoeshiner,Crash,,,0.07479687632,107.7075019
6491.3515050000005,1223.831439,1223.831439,file end: d088-107 COMPLETE,d088-107.wav,24.0,File End,d088-107 COMPLETE,Shoeshiner,Crash,,,0.07513138316,108.1891918
6595.352003,1327.831937,1327.831937,note d107-121b: start d104-108b,d088-107.wav,24.0,Note,note d107-121b: start d104-108b,Shoeshiner,Crash,,,0.07633509263,109.9225334
6672.287734,1404.767668,1404.767668,orig024 end: A,d088-107.wav,24.0,Orig End,024: A,Shoeshiner,Crash,,,0.07722555248,111.2047956
6767.198445,1499.678379,1499.6792,note d107-121b: sync point with d104-108,d088-107.wav,24.0,Note,note d107-121b: sync point with d104-108,Shoeshiner,Crash,,,0.07832405608,112.7866408
7338.040066,2070.52,2070.52,note d107-121b: file end,d088-107.wav,24.0,Note,note d107-121b: file end,Shoeshiner,Crash,,,0.08493101928,122.3006678
5267.416066,-0.104,-0.104,file start sync: d087-121.wav 5267.520066 verified by d065-087 double-checked,d087-121.wav,,File Start Sync,d087-121.wav 5267.520066 verified by d065-087 double-checked,,Crash,,,0.06096546373,87.79026777
5267.416066,-0.104,2.2E-5,file note: in sync with d065-087 over this range,d087-121.wav,,File Note,in sync with d065-087 over this range,,Crash,,,0.06096546373,87.79026777
5267.520088,2.2E-5,386.268373,file note: in sync with d088-107 over this range,d087-121.wav,,File Note,in sync with d088-107 over this range,,Crash,,,0.06096666769,87.79200147
5267.600902,0.080836,0.083902,note: sync point with d088-107,d087-121.wav,,Note,sync point with d088-107,,Crash,,,0.06096760303,87.79334837
5653.788439,386.268373,386.268373,file note: skip from here to multiple skip range,d087-121.wav,,File Note,skip from here to multiple skip range,,Crash,,,0.06543736619,94.22980732
5669.345066,401.825,403.178481,file note: multiple skips -- start stop unknown,d087-121.wav,,File Note,multiple skips -- start stop unknown,,Crash,,,0.06561741975,94.48908443
5720.421879,452.901813,452.901813,file note: resume from multiple skips,d087-121.wav,,File Note,resume from multiple skips,,Crash,,,0.06620858656,95.34036465
5720.421879,452.901813,1223.831522,file note: in sync with d088-107 over this range,d087-121.wav,,File Note,in sync with d088-107 over this range,,Crash,,,0.06620858656,95.34036465
6491.3515879999995,1223.831522,2070.423876,file note: in sync with d107-121b over this range,d087-121.wav,,File Note,in sync with d107-121b over this range,,Crash,,,0.07513138412,108.1891931
7337.943942,2070.423876,2070.423876,file end: d087-121 COMPLETE,d087-121.wav,,File End,d087-121 COMPLETE,,Crash,,,0.08492990674,122.2990657
6301.112066,0.0,0.0,file start sync: d107-121b.wav 6301.112066 verified by d088-107,d107-121b.wav,,File Start Sync,d107-121b.wav 6301.112066 verified by d088-107,,,,,0.0729295378,105.0185344
6070.5779139999995,-230.534152,-230.534152,orig023 start: A,d107-121b.wav,,Orig Start,023: A,,,,,0.07026131845,101.1762986
6070.5779139999995,-230.534152,-227.274947,orig023 sync: A start,d107-121b.wav,23.0,Orig Sync,023 A start,,,0.2715052599394408,,0.07026131845,101.1762986
6070.577915,-230.534151,-230.534151,start023: ID: The Amalgamation of Soundz - 63rd Suite,d107-121b.wav,23.0,TrackStart,,63rd Suite,The Amalgamation of Soundz,,,0.07026131846,101.1762986
6301.112066,0.0,0.0,ID023: The Amalgamation of Soundz - 63rd Suite,d107-121b.wav,23.0,TrackID,,63rd Suite,The Amalgamation of Soundz,,,0.0729295378,105.0185344
6338.360065999999,37.248,37.248,note: file start d106-125.wav verified d107-121b,d107-121b.wav,23.0,Note,file start d106-125.wav verified d107-121b,63rd Suite,The Amalgamation of Soundz,,,0.07336064891,105.6393344
6427.519356,126.40729,127.664798,orig023 sync: 1,d107-121b.wav,23.0,Orig Sync,023 1,,,0.2715052599394408,,0.07439258514,107.1253226
6428.33947,127.227404,128.484911,track sync: 1,d107-121b.wav,23.0,Track Sync,023 1,,,0.2715052599394408,,0.0744020772,107.1389912
6429.1467569999995,128.034691,128.03706,note: file sync wave,d107-121b.wav,23.0,Note,file sync wave,63rd Suite,The Amalgamation of Soundz,,,0.0744114208,107.152446
6454.59368,153.481614,154.236119,orig023 sync: B,d107-121b.wav,23.0,Orig Sync,023 B,,,1.002271258310785,,0.07470594537,107.5765613
6455.46588,154.353814,155.108318,track sync: B end,d107-121b.wav,23.0,Track Sync,023 B end,,,-1.68926406787163,,0.07471604028,107.591098
6456.899066999999,155.787001,155.787001,orig024 start: A,d107-121b.wav,23.0,Orig Start,024: A,63rd Suite,The Amalgamation of Soundz,,,0.07473262809,107.6149845
6456.899066999999,155.787001,155.787001,orig024 start: A,d107-121b.wav,23.0,Orig Start,024: A,63rd Suite,The Amalgamation of Soundz,,,0.07473262809,107.6149845
6456.899066999999,155.787001,155.787001,start024: ID: Crash - Shoeshiner,d107-121b.wav,24.0,TrackStart,,Shoeshiner,Crash,,,0.07473262809,107.6149845
6457.258844,156.146778,156.325833,orig024 sync: A,d107-121b.wav,24.0,Orig Sync,024 A,,,,,0.07473679218,107.6209807
6457.258844,156.146778,156.325833,track sync: A start,d107-121b.wav,24.0,Track Sync,024 A start,,,,,0.07473679218,107.6209807
6461.5779139999995,160.465848,160.465848,orig023 end: A,d107-121b.wav,24.0,Orig End,023: A,Shoeshiner,Crash,,,0.07478678141,107.6929652
6462.398028,161.285962,161.285962,orig023 end: 1,d107-121b.wav,24.0,Orig End,023: 1,Shoeshiner,Crash,,,0.07479627347,107.7066338
6462.450113999999,161.338048,161.338048,orig023 end: B,d107-121b.wav,24.0,Orig End,023: B,Shoeshiner,Crash,,,0.07479687632,107.7075019
6665.854651,364.742585,367.470538,track sync: B end,d107-121b.wav,24.0,Track Sync,024 B end,,,,,0.0771510955,111.0975775
6666.002713999999,364.890648,367.618601,orig024 sync: B,d107-121b.wav,24.0,Orig Sync,024 B,,,0.9992906953387423,,0.07715280919,111.1000452
6666.121999,365.009933,365.011505,note: low peak to 2nd zero,d107-121b.wav,24.0,Note,low peak to 2nd zero,Shoeshiner,Crash,,,0.0771541898,111.1020333
6666.270062,365.157996,365.159567,orig024 note: maybe low peak,d107-121b.wav,24.0,Orig Note,024: maybe low peak,Shoeshiner,Crash,,,0.0771559035,111.104501
6668.713876,367.60181,367.60181,orig025 start: A,d107-121b.wav,24.0,Orig Start,025: A,Shoeshiner,Crash,,,0.07718418838,111.1452313
6668.713876,367.60181,367.60181,orig025 start: A,d107-121b.wav,24.0,Orig Start,025: A,Shoeshiner,Crash,,,0.07718418838,111.1452313
6669.768115999999,368.65605,368.65605,start025: ID: Spring Heel Jack - Happy Baby,d107-121b.wav,25.0,TrackStart,,Happy Baby,Spring Heel Jack,,,0.07719639023,111.1628019
6669.880045999999,368.76798,368.988156,orig025 sync: A,d107-121b.wav,25.0,Orig Sync,025 A,,,,,0.07719768572,111.1646674
6669.880045999999,368.76798,368.988156,track sync: A first beat,d107-121b.wav,25.0,Track Sync,025 A first beat,,,,,0.07719768572,111.1646674
6670.777269,369.665203,369.665203,mix end: 024,d107-121b.wav,25.0,Mix End,24.0,Happy Baby,Spring Heel Jack,,,0.07720807024,111.1796212
6672.139671,371.027605,371.027605,orig024 end: B,d107-121b.wav,25.0,Orig End,024: B,Happy Baby,Spring Heel Jack,,,0.07722383878,111.2023279
6672.287734,371.175668,371.175668,orig024 end: A,d107-121b.wav,25.0,Orig End,024: A,Happy Baby,Spring Heel Jack,,,0.07722555248,111.2047956
6672.287734,371.175668,371.175668,orig024 end: A,d107-121b.wav,25.0,Orig End,024: A,Happy Baby,Spring Heel Jack,,,0.07722555248,111.2047956
6994.754126,693.64206,694.851014,orig025 sync: B last cymbals,d107-121b.wav,25.0,Orig Sync,025 B last cymbals,,,,,0.08095780238,116.5792354
6995.063061,693.950995,695.159948,track sync: B percussion stops,d107-121b.wav,25.0,Track Sync,025 B percussion stops,,,1.0009509376679113,,0.08096137802,116.5843844
6995.18683,694.074764,694.601395,note: closest area of B sync,d107-121b.wav,25.0,Note,closest area of B sync,Happy Baby,Spring Heel Jack,,,0.08096281053,116.5864472
6996.800523999999,695.688458,695.688458,orig026 start: A,d107-121b.wav,25.0,Orig Start,026: A,Happy Baby,Spring Heel Jack,,,0.08098148755,116.6133421
6996.800523999999,695.688458,695.688458,orig026 start: A,d107-121b.wav,25.0,Orig Start,026: A,Happy Baby,Spring Heel Jack,,,0.08098148755,116.6133421
6998.690387,697.578321,697.578321,mix start: 026 ..transition (barely audible first bell),d107-121b.wav,25.0,Mix Start,026 ..transition (barely audible first bell),Happy Baby,Spring Heel Jack,,,0.08100336096,116.6448398
7008.455811,707.343745,707.343745,note: ..cymbal hit,d107-121b.wav,25.0,Note,..cymbal hit,Happy Baby,Spring Heel Jack,,,0.0811163867,116.8075969
7008.455811,707.343745,708.075547,orig026 sync: A start,d107-121b.wav,26.0,Orig Sync,026 A start,,,,,0.0811163867,116.8075969
7008.455811,707.343745,708.075547,track026 sync: A start,d107-121b.wav,26.0,Track Sync,026 A start,,,,,0.0811163867,116.8075969
7009.181133,708.069067,708.075547,note: sync big hit,d107-121b.wav,25.0,Note,sync big hit,Happy Baby,Spring Heel Jack,,,0.08112478163,116.8196856
7009.181143,708.069077,708.075547,orig026 note: big hit sync visual,d107-121b.wav,25.0,Orig Note,026: big hit sync visual,Happy Baby,Spring Heel Jack,,,0.08112478175,116.8196857
7014.188193,713.076127,713.076127,start026: ID: Endemic Void - Serious Intent,d107-121b.wav,26.0,TrackStart,,Serious Intent,Endemic Void,,,0.08118273372,116.9031366
7016.363037,715.250971,715.250971,orig025 end: A,d107-121b.wav,26.0,Orig End,025: A,Serious Intent,Endemic Void,,,0.08120790552,116.939384
7016.379827999999,715.267762,715.267762,orig025 end: A,d107-121b.wav,26.0,Orig End,025: A,Serious Intent,Endemic Void,,,0.08120809986,116.9396638
7016.671972,715.559906,715.559906,orig025 end: B,d107-121b.wav,26.0,Orig End,025: B,Serious Intent,Endemic Void,,,0.08121148116,116.9445329
7031.319705999999,730.20764,730.20764,note: ..piano,d107-121b.wav,26.0,Note,..piano,Serious Intent,Endemic Void,,,0.08138101512,117.1886618
7099.916549,798.804483,798.804483,note: ..piano restart,d107-121b.wav,26.0,Note,..piano restart,Serious Intent,Endemic Void,,,0.08217496006,118.3319425
7152.425088999999,851.313023,851.313249,note: ..solo flute,d107-121b.wav,26.0,Note,..solo flute,Serious Intent,Endemic Void,,,0.08278269779,119.2070848
7322.3592229999995,1021.247157,1026.306657,track sync: B last mezzo-forte piano,d107-121b.wav,26.0,Track Sync,026 B last mezzo-forte piano,,,,,0.08474952804,122.0393204
7322.506278,1021.394212,1021.394212,note: sync peak,d107-121b.wav,26.0,Note,sync peak,Serious Intent,Endemic Void,,,0.08475123007,122.0417713
7322.9347849999995,1021.822719,1026.882219,orig026 sync: B,d107-121b.wav,26.0,Orig Sync,026 B,,,0.9981697917902772,,0.08475618964,122.0489131
7330.59163,1029.479564,1036.928,note: track muted down in mix,d107-121b.wav,26.0,Note,track muted down in mix,Serious Intent,Endemic Void,,,0.08484481053,122.1765272
7337.94713,1036.835064,1036.835064,note d122-144: file start sync: d1221-144.wav 6301.112066 verified by d106-125,d107-121b.wav,26.0,Note,note d122-144: file start sync: d1221-144.wav 6301.112066 verified by d106-125,Serious Intent,Endemic Void,,,0.08492994363,122.2991188
7337.94713,1036.835064,1036.835064,note: file start d122-144.wav verified by d106-125 d107-121b,d107-121b.wav,26.0,Note,file start d122-144.wav verified by d106-125 d107-121b,Serious Intent,Endemic Void,,,0.08492994363,122.2991188
7338.027593999999,1036.915528,1036.915528,orig027 start: A,d107-121b.wav,26.0,Orig Start,027: A,Serious Intent,Endemic Void,,,0.08493087493,122.3004599
7338.027593999999,1036.915528,1036.915528,orig027 start: B,d107-121b.wav,26.0,Orig Start,027: B,Serious Intent,Endemic Void,,,0.08493087493,122.3004599
7338.040066,1036.928,1036.928,file end: d107-121b.wav COMPLETE,d107-121b.wav,26.0,File End,d107-121b.wav COMPLETE,Serious Intent,Endemic Void,,,0.08493101928,122.3006678
7338.1191149999995,1037.007049,1037.01619,orig027 note: initial wave sync attempt,d107-121b.wav,26.0,Orig Note,027: initial wave sync attempt,Serious Intent,Endemic Void,,,0.0849319342,122.3019853
7338.1459159999995,1037.03385,1037.03385,note d122-144: start027: ID: Cujo - Cruzer,d107-121b.wav,27.0,TrackStart,,Cruzer,Cujo,,,0.0849322444,122.3024319
7338.1459159999995,1037.03385,1037.03385,orig027 start: A,d107-121b.wav,27.0,Orig Start,027: A,Cruzer,Cujo,,,0.0849322444,122.3024319
7338.237437,1037.125371,1037.134512,note d122-144: initial wave sync,d107-121b.wav,27.0,Note,note d122-144: initial wave sync,Cruzer,Cujo,,,0.08493330367,122.3039573
7339.494606,1038.38254,1040.321406,orig027 sync: A start,d107-121b.wav,27.0,Orig Sync,027 A start,,,,,0.08494785424,122.3249101
7339.612928,1038.500862,1040.439728,note d122-144: track sync: A start,d107-121b.wav,27.0,Track Sync,027 A start,,,,,0.0849492237,122.3268821
7340.732746,1039.62068,1039.633265,note d122-144: file sync point d122-144,d107-121b.wav,27.0,Note,note d122-144: file sync point d122-144,Cruzer,Cujo,,,0.08496218456,122.3455458
7341.065143,1039.953077,1039.953077,orig026 end: B,d107-121b.wav,27.0,Orig End,026: B,Cruzer,Cujo,,,0.08496603175,122.3510857
7341.640705,1040.528639,1040.52864,orig026 end: A,d107-121b.wav,27.0,Orig End,026: A,Cruzer,Cujo,,,0.08497269334,122.3606784
7538.360065999999,1237.248,1237.248,note: end file: d106-125 clean overlap,d107-121b.wav,27.0,Note,end file: d106-125 clean overlap,Cruzer,Cujo,,,0.0872495378,125.6393344
7538.360065999999,1237.248,1237.248,note: file end d106-125.wav,d107-121b.wav,27.0,Note,file end d106-125.wav,Cruzer,Cujo,,,0.0872495378,125.6393344
7671.292633,1370.180567,1372.076077,note d122-144: track sync: B last piano note,d107-121b.wav,27.0,Track Sync,027 B last piano note,,,,,0.08878810918,127.8548772
7671.292633,1370.180567,1372.076077,orig027 sync: B,d107-121b.wav,27.0,Orig Sync,027 B,,,0.9996433914900885,,0.08878810918,127.8548772
7671.851643,1370.739577,1370.739577,note d122-144: note: B sync peak,d107-121b.wav,27.0,Note,note d122-144: note: B sync peak,Cruzer,Cujo,,,0.0887945792,127.8641941
7675.330515,1374.218449,1374.644571,note d122-144: end of Cujo,d107-121b.wav,27.0,Note,note d122-144: end of Cujo,Cruzer,Cujo,,,0.08883484392,127.9221753
7675.7566369999995,1374.644571,1374.644571,note d122-144: start028,d107-121b.wav,27.0,Note,note d122-144: start028,Cruzer,Cujo,,,0.08883977589,127.9292773
7675.7566369999995,1374.644571,1376.381388,orig028 note: sigh,d107-121b.wav,27.0,Orig Note,028: sigh,Cruzer,Cujo,,,0.08883977589,127.9292773
7678.234025,1377.121959,1377.121959,note d122-144: mix end: 027 (but no sigh),d107-121b.wav,27.0,Note,note d122-144: mix end: 027 (but no sigh),Cruzer,Cujo,,,0.08886844936,127.9705671
7689.499049999999,1388.386984,1388.386984,orig027 note: end main track,d107-121b.wav,27.0,Orig Note,027: end main track,Cruzer,Cujo,,,0.0889988316,128.1583175
8206.721789,1905.609723,1905.609723,orig027 end: A,d107-121b.wav,27.0,Orig End,027: A,Cruzer,Cujo,,,0.09498520589,136.7786965
8657.243129999999,2356.131064,2356.131064,note d122-144: file end d122-144.wav,d107-121b.wav,27.0,Note,note d122-144: file end d122-144.wav,Cruzer,Cujo,,,0.1001995733,144.2873855
8657.243129999999,2356.131064,2356.131064,note: file end d122-144,d107-121b.wav,27.0,Note,file end d122-144,Cruzer,Cujo,,,0.1001995733,144.2873855
6338.360065999999,37.248,37.248,file start sync: d106-125.wav 6301.112066 verified d107-121b,d106-125.wav,,File Start Sync,d106-125.wav 6301.112066 verified d107-121b,,Cujo,,,0.07336064891,105.6393344
6338.360065999999,37.248,1036.898685,file note: in sync with d107-121b.wav over this range,d106-125.wav,,File Note,in sync with d107-121b.wav over this range,,Cujo,,,0.07336064891,105.6393344
7338.010751,1036.898685,1237.404938,file note: in sync with d122-144.wav over this range,d106-125.wav,,File Note,in sync with d122-144.wav over this range,,Cujo,,,0.08493067999,122.3001792
7340.889684,1039.777618,1039.790203,note: file sync point d106-125,d106-125.wav,,Note,file sync point d106-125,,Cujo,,,0.08496400097,122.3481614
7538.530253999999,1237.418188,1237.418188,file end: d106-125.wav COMPLETE,d106-125.wav,,File End,d106-125.wav COMPLETE,,Cujo,,,0.08725150757,125.6421709
6563.768064999999,262.655999,262.655999,file start sync: d104-108b.wav 6301.112066 verified by d107-121b,d104-108b.wav,,File Start Sync,d104-108b.wav 6301.112066 verified by d107-121b,,Cujo,,,0.07596953779,109.3961344
6575.6783159999995,274.56625,276.006249,file note: skip1,d104-108b.wav,,File Note,skip1,,Cujo,,,0.07610738792,109.5946386
6577.118315,276.006249,276.006249,file note: skip1 resume,d104-108b.wav,,File Note,skip1 resume,,Cujo,,,0.07612405457,109.6186386
6581.245814999999,280.133749,280.32575,file note: skip2,d104-108b.wav,,File Note,skip2,,Cujo,,,0.07617182656,109.6874303
6581.437816,280.32575,280.32575,file note: skip2 resume,d104-108b.wav,,File Note,skip2 resume,,Cujo,,,0.0761740488,109.6906303
6596.3625059999995,295.25044,295.25044,file note: skip3,d104-108b.wav,,File Note,skip3,,Cujo,,,0.07634678826,109.9393751
6596.362566,295.2505,295.296875,file note: post-skip3 section i can't place,d104-108b.wav,,File Note,post-skip3 section i can't place,,Cujo,,,0.07634678896,109.9393761
6596.408941,295.296875,295.680812,file note: skip4,d104-108b.wav,,File Note,skip4,,Cujo,,,0.07634732571,109.940149
6596.792896,295.68083,295.68083,file note: post-skip4,d104-108b.wav,,File Note,post-skip4,,Cujo,,,0.07635176963,109.9465483
6604.193128,303.081062,304.521125,file note: skip5,d104-108b.wav,,File Note,skip5,,Cujo,,,0.07643742046,110.0698855
6605.633196,304.52113,304.52113,file note: skip5 resume,d104-108b.wav,,File Note,skip5 resume,,Cujo,,,0.07645408792,110.0938866
6610.717374,309.605308,309.605308,file note: more skips from here to rest of file - do not use file,d104-108b.wav,,File Note,more skips from here to rest of file - do not use file,,Cujo,,,0.07651293257,110.1786229
6849.0800659999995,547.968,547.968,file end: d104-108b.wav COMPLETE do not use,d104-108b.wav,,File End,d104-108b.wav COMPLETE do not use,,Cujo,,,0.07927176002,114.1513344
7337.94713,0.0,0.0,file start sync: d122-144.wav 7337.94713 verified by d106-125 d107-121b,d122-144.wav,,File Start Sync,d122-144.wav 7337.94713 verified by d106-125 d107-121b,,,,,0.08492994363,122.2991188
7337.94713,0.0,0.199,ID026: Endemic Void - Serious Intent,d122-144.wav,26.0,TrackID,,Serious Intent,Endemic Void,,,0.08492994363,122.2991188
7338.027593999999,0.080464,0.080464,orig027 start: B,d122-144.wav,26.0,Orig Start,027: B,Serious Intent,Endemic Void,,,0.08493087493,122.3004599
7338.144611,0.197481,0.197481,orig027 start: A,d122-144.wav,26.0,Orig Start,027: A,Serious Intent,Endemic Void,,,0.08493222929,122.3024102
7338.1459159999995,0.198786,0.198786,orig027 start: A,d122-144.wav,26.0,Orig Start,027: A,Serious Intent,Endemic Void,,,0.0849322444,122.3024319
7338.146127,0.198997,337.809502,start027: ID: Cujo - Cruzer,d122-144.wav,27.0,TrackStart,,Cruzer,Cujo,,,0.08493224684,122.3024355
7338.236132,0.289002,0.298143,orig027 note: initial wave sync attempt,d122-144.wav,27.0,Orig Note,027: initial wave sync attempt,Cruzer,Cujo,,,0.08493328856,122.3039355
7338.237437,0.290307,0.299448,note: initial wave sync,d122-144.wav,27.0,Note,initial wave sync,Cruzer,Cujo,,,0.08493330367,122.3039573
7339.611623,1.664493,3.603359,orig027 sync: A start,d122-144.wav,27.0,Orig Sync,027 A start,,,0.2423644934111311,,0.0849492086,122.3268604
7339.612928,1.665798,3.604664,track sync: A start,d122-144.wav,27.0,Track Sync,027 A start,,,0.9999990464123697,,0.0849492237,122.3268821
7340.732746,2.785616,2.798201,note: file sync point d122-144,d122-144.wav,27.0,Note,file sync point d122-144,Cruzer,Cujo,,,0.08496218456,122.3455458
7340.889684,2.942554,2.955139,note: file sync point d106-125,d122-144.wav,27.0,Note,file sync point d106-125,Cruzer,Cujo,,,0.08496400097,122.3481614
7341.065143,3.118013,3.118013,orig026 end: B,d122-144.wav,27.0,Orig End,026: B,Cruzer,Cujo,,,0.08496603175,122.3510857
7341.640705,3.693575,3.693576,orig026 end: A,d122-144.wav,27.0,Orig End,026: A,Cruzer,Cujo,,,0.08497269334,122.3606784
7669.101417,331.154287,331.154287,orig028 start: A,d122-144.wav,27.0,Orig Start,028: A,Cruzer,Cujo,,,0.08876274788,127.818357
7669.101417,331.154287,337.629819,orig028 note: range not in mix,d122-144.wav,27.0,Orig Note,028: range not in mix,Cruzer,Cujo,,,0.08876274788,127.818357
7669.281099,331.333969,331.333969,orig028 start: A,d122-144.wav,27.0,Orig Start,028: A,Cruzer,Cujo,,,0.08876482753,127.8213517
7671.292632999999,333.345503,335.241013,track sync: B last piano note,d122-144.wav,27.0,Track Sync,027 B last piano note,,,0.2423644934111311,,0.08878810918,127.8548772
7671.40965,333.46252,335.35803,orig027 sync: B,d122-144.wav,27.0,Orig Sync,027 B,,,0.9996433914900887,,0.08878946354,127.8568275
7671.851643,333.904513,333.904513,note: B sync peak,d122-144.wav,27.0,Note,B sync peak,Cruzer,Cujo,,,0.0887945792,127.8641941
7672.014176999999,334.067047,334.067047,note: ..last piano note,d122-144.wav,27.0,Note,..last piano note,Cruzer,Cujo,,,0.08879646038,127.866903
7675.330515,337.383385,337.809502,note: end of Cujo,d122-144.wav,27.0,Note,end of Cujo,Cruzer,Cujo,,,0.08883484392,127.9221753
7675.756632,337.809502,635.388,start028: ID: Spaceways - At Home With The Snake,d122-144.wav,28.0,TrackStart,,At Home With The Snake,Spaceways,,,0.08883977583,127.9292772
7675.7566369999995,337.809507,339.743301,orig027 note: sigh,d122-144.wav,28.0,Orig Note,027: sigh,At Home With The Snake,Spaceways,,,0.08883977589,127.9292773
7678.234025,340.286895,340.286895,mix end: 027 (but no sigh),d122-144.wav,28.0,Mix End,027 (but no sigh),At Home With The Snake,Spaceways,,,0.08886844936,127.9705671
7689.616067,351.668937,351.668937,orig027 note: end main track,d122-144.wav,28.0,Orig Note,027: end main track,At Home With The Snake,Spaceways,,,0.08900018596,128.1602678
7699.558934999999,361.611805,365.270899,orig028 sync: A drum start,d122-144.wav,28.0,Orig Sync,028 A drum start,,,,,0.08911526545,128.3259823
7699.738617999999,361.791488,365.450581,track sync: A drum start,d122-144.wav,28.0,Track Sync,028 A drum start,,,,,0.08911734512,128.328977
7701.341785,363.394655,363.394655,note: ..drum/flute start,d122-144.wav,28.0,Note,..drum/flute start,At Home With The Snake,Spaceways,,,0.08913590029,128.3556964
7964.345679,626.398549,628.097024,orig028 sync: B,d122-144.wav,28.0,Orig Sync,028 B,,,,,0.09217992684,132.7390947
7964.345679,626.398549,628.097024,track sync: B,d122-144.wav,28.0,Track Sync,028 B,,,0.9993214048509921,,0.09217992684,132.7390947
7964.8283249999995,626.881195,626.893824,note: B sync wave,d122-144.wav,28.0,Note,B sync wave,At Home With The Snake,Spaceways,,,0.09218551302,132.7471388
7968.207769,630.260639,630.260639,note: ..transition,d122-144.wav,28.0,Note,..transition,At Home With The Snake,Spaceways,,,0.09222462696,132.8034628
7969.852234,631.905104,631.905104,orig029 start: A,d122-144.wav,28.0,Orig Start,029: A,At Home With The Snake,Spaceways,,,0.09224366012,132.8308706
7969.852234,631.905104,631.905104,orig029 start: A,d122-144.wav,28.0,Orig Start,029: A,At Home With The Snake,Spaceways,,,0.09224366012,132.8308706
7973.334656999999,635.387527,921.506,start029: ID: Rockers Hi-Fi - Queen of the Ghetto (Ghetto Defendant),d122-144.wav,29.0,TrackStart,,Queen of the Ghetto (Ghetto Defendant),Rockers Hi-Fi,,,0.09228396594,132.888911
7973.664487,635.717357,636.458325,orig029 sync: A,d122-144.wav,29.0,Orig Sync,029 A,,,,,0.09228778341,132.8944081
7973.664487,635.717357,636.458325,track sync: A,d122-144.wav,29.0,Track Sync,029 A,,,,,0.09228778341,132.8944081
7974.405454999999,636.458325,636.458325,mix end: 028,d122-144.wav,29.0,Mix End,28.0,Queen of the Ghetto (Ghetto Defendant),Rockers Hi-Fi,,,0.09229635943,132.9067576
7974.405454999999,636.458325,642.259638,orig028 note: range not in mix,d122-144.wav,29.0,Orig Note,028: range not in mix,Queen of the Ghetto (Ghetto Defendant),Rockers Hi-Fi,,,0.09229635943,132.9067576
7980.206768,642.259638,642.259638,orig028 end: B,d122-144.wav,29.0,Orig End,028: B,Queen of the Ghetto (Ghetto Defendant),Rockers Hi-Fi,,,0.09236350426,133.0034461
7980.212028999999,642.264899,642.264899,orig028 end: A,d122-144.wav,29.0,Orig End,028: A,Queen of the Ghetto (Ghetto Defendant),Rockers Hi-Fi,,,0.09236356515,133.0035338
7980.386450999999,642.439321,642.439321,orig028 end: A,d122-144.wav,29.0,Orig End,028: A,Queen of the Ghetto (Ghetto Defendant),Rockers Hi-Fi,,,0.09236558392,133.0064409
8206.838806,868.891676,868.891676,orig027 end: A,d122-144.wav,29.0,Orig End,027: A,Queen of the Ghetto (Ghetto Defendant),Rockers Hi-Fi,,,0.09498656025,136.7806468
8257.495377,919.548247,920.091607,track sync: B,d122-144.wav,29.0,Track Sync,029 B,,,,,0.09557286316,137.624923
8257.712185,919.765055,919.838096,note: visible sync range,d122-144.wav,29.0,Note,visible sync range,Queen of the Ghetto (Ghetto Defendant),Rockers Hi-Fi,,,0.09557537251,137.6285364
8257.75694,919.80981,920.35317,orig029 sync: B,d122-144.wav,29.0,Orig Sync,029 B,,,0.9990793032435816,,0.09557589051,137.6292823
8258.965769,921.018639,921.018639,orig030 start: B,d122-144.wav,29.0,Orig Start,030: B,Queen of the Ghetto (Ghetto Defendant),Rockers Hi-Fi,,,0.09558988159,137.6494295
8259.428627,921.481497,921.481497,orig030 start: A,d122-144.wav,29.0,Orig Start,030: A,Queen of the Ghetto (Ghetto Defendant),Rockers Hi-Fi,,,0.09559523874,137.6571438
8259.428627,921.481497,921.481497,orig030 start: A,d122-144.wav,29.0,Orig Start,030: A,Queen of the Ghetto (Ghetto Defendant),Rockers Hi-Fi,,,0.09559523874,137.6571438
8259.453051999999,921.505922,1319.3,start030: ID: Red Snapper - Crusoe Takes A Trip,d122-144.wav,30.0,TrackStart,,Crusoe Takes A Trip,Red Snapper,,,0.09559552144,137.6575509
8264.550276,926.603146,927.789367,orig030 sync: A,d122-144.wav,30.0,Orig Sync,030 A,,,,,0.09565451708,137.7425046
8264.550276,926.603146,927.789367,track sync: A,d122-144.wav,30.0,Track Sync,030 A,,,,,0.09565451708,137.7425046
8265.088802999999,927.141673,927.141673,note: ..new bassline starts,d122-144.wav,30.0,Note,..new bassline starts,Crusoe Takes A Trip,Red Snapper,,,0.09566075003,137.7514801
8265.096897,927.149767,927.151993,note: A sync wave,d122-144.wav,30.0,Note,A sync wave,Crusoe Takes A Trip,Red Snapper,,,0.09566084372,137.751615
8265.736497,927.789367,927.789367,mix end: 029,d122-144.wav,30.0,Mix End,29.0,Crusoe Takes A Trip,Red Snapper,,,0.09566824649,137.762275
8274.943442,936.996312,936.996312,orig029 end: B,d122-144.wav,30.0,Orig End,029: B,Crusoe Takes A Trip,Red Snapper,,,0.09577480836,137.915724
8275.205005,937.257875,937.257875,orig029 end: A,d122-144.wav,30.0,Orig End,029: A,Crusoe Takes A Trip,Red Snapper,,,0.09577783571,137.9200834
8275.205005,937.257875,937.257875,orig029 end: A,d122-144.wav,30.0,Orig End,029: A,Crusoe Takes A Trip,Red Snapper,,,0.09577783571,137.9200834
8655.641569,1317.694439,1318.35486,track sync: B,d122-144.wav,30.0,Track Sync,030 B,,,,,0.1001810367,144.2606928
8655.703392,1317.756262,1317.75851,note: B sync wave,d122-144.wav,30.0,Note,B sync wave,Crusoe Takes A Trip,Red Snapper,,,0.1001817522,144.2617232
8656.104426,1318.157296,1318.817717,orig030 sync: B,d122-144.wav,30.0,Orig Sync,030 B,,,0.998817897856529,,0.1001863938,144.2684071
8657.243068,1319.295938,1319.295938,file end: d122-144.wav COMPLETE,d122-144.wav,30.0,File End,d122-144.wav COMPLETE,Crusoe Takes A Trip,Red Snapper,,,0.1001995725,144.2873845
8657.243068,1319.295938,1319.295938,note d145-164: file start sync: d145-164.wav 7337.94713 verified d122-144 d126-145 PRIMARY,d122-144.wav,30.0,Note,note d145-164: file start sync: d145-164.wav 7337.94713 verified d122-144 d126-145 PRIMARY,Crusoe Takes A Trip,Red Snapper,,,0.1001995725,144.2873845
8657.243068,1319.295938,1319.295938,note d145-164: start031: Net Radio - Promo4 Peace,d122-144.wav,30.0,Note,note d145-164: start031: Net Radio - Promo4 Peace,Crusoe Takes A Trip,Red Snapper,,,0.1001995725,144.2873845
8657.650214,1319.703084,1319.703084,orig030 end: B,d122-144.wav,30.0,Orig End,030: B,Crusoe Takes A Trip,Red Snapper,,,0.1002042849,144.2941702
8658.113071,1320.165941,1320.165941,orig030 end: A,d122-144.wav,30.0,Orig End,030: A,Crusoe Takes A Trip,Red Snapper,,,0.100209642,144.3018845
8658.113071,1320.165941,1320.165941,orig030 end: A,d122-144.wav,30.0,Orig End,030: A,Crusoe Takes A Trip,Red Snapper,,,0.100209642,144.3018845
8738.363067,1400.415937,1400.415937,file start sync: d146.wav 7337.94713 verified d145-164,d146.wav,,File Start Sync,d146.wav 7337.94713 verified d145-164,,Red Snapper,,,0.1011384614,145.6393845
8738.363067,1400.415937,1409.503438,file note: in sync with d145-164 over entire file,d146.wav,,File Note,in sync with d145-164 over entire file,,Red Snapper,,,0.1011384614,145.6393845
8747.450568,1409.503438,1409.503438,file end: d146.wav COMPLETE,d146.wav,,File End,d146.wav COMPLETE,,Red Snapper,,,0.1012436408,145.7908428
8656.827068999999,1318.879939,1318.879939,file start sync: d145-164b.wav 7337.94713 verified d122-144,d145-164b.wav,,File Start Sync,d145-164b.wav 7337.94713 verified d122-144,,Red Snapper,,,0.1001947577,144.2804512
8656.827068999999,1318.879939,1319.295938,file note: in sync with d122-144 over this range,d145-164b.wav,,File Note,in sync with d122-144 over this range,,Red Snapper,,,0.1001947577,144.2804512
8657.243068,1319.295938,2539.231939,file note: in sync with d145-164 over this range,d145-164b.wav,,File Note,in sync with d145-164 over this range,,Red Snapper,,,0.1001995725,144.2873845
9877.179069,2539.231939,2539.231939,file end: d145-164b.wav COMPLETE,d145-164b.wav,,File End,d145-164b.wav COMPLETE,,Red Snapper,,,0.1143192022,164.6196512
7538.363254999999,200.416125,200.416125,file start sync: d126-145.wav 7337.94713 verified by d122-144,d126-145.wav,,File Start Sync,d126-145.wav 7337.94713 verified by d122-144,,Red Snapper,,,0.08724957471,125.6393876
7538.363254999999,200.416125,1319.296063,file note: in sync with d122-144 over this range,d126-145.wav,,File Note,in sync with d122-144 over this range,,Red Snapper,,,0.08724957471,125.6393876
8657.243193,1319.296063,1400.415937,file note: in sync with d145-164 over this range,d126-145.wav,,File Note,in sync with d145-164 over this range,,Red Snapper,,,0.100199574,144.2873866
8738.363067,1400.415937,1400.415937,file end: d126-145.wav COMPLETE,d126-145.wav,,File End,d126-145.wav COMPLETE,,Red Snapper,,,0.1011384614,145.6393845
7338.043129999999,0.096,0.096,file start sync: d122-144b.wav 7337.94713 verified by d122-144,d122-144b.wav,,File Start Sync,d122-144b.wav 7337.94713 verified by d122-144,,Red Snapper,,,0.08493105475,122.3007188
7338.043129999999,0.096,1318.879939,file note: in sync with d122-144 over this range,d122-144b.wav,,File Note,in sync with d122-144 over this range,,Red Snapper,,,0.08493105475,122.3007188
8656.827068999999,1318.879939,1318.879939,file end: d122-144b.wav COMPLETE,d122-144b.wav,,File End,d122-144b.wav COMPLETE,,Red Snapper,,,0.1001947577,144.2804512
8657.243068,0.0,0.0,file start sync: d145-164.wav 8657.243068 verified d122-144 d126-145 PRIMARY,d145-164.wav,,File Start Sync,d145-164.wav 8657.243068 verified d122-144 d126-145 PRIMARY,,,,,0.1001995725,144.2873845
8657.243068,0.0,24.591024,start031: ID: Net Radio - Promo4 Peace,d145-164.wav,31.0,TrackStart,,Promo4 Peace,Net Radio,,,0.1001995725,144.2873845
8681.38583,24.142762,24.142762,orig032 start: B,d145-164.wav,31.0,Orig Start,032: B,Promo4 Peace,Net Radio,,,0.1004790027,144.6897638
8681.393925,24.150857,24.150857,orig032 start: C,d145-164.wav,31.0,Orig Start,032: C,Promo4 Peace,Net Radio,,,0.1004790964,144.6898988
8681.393925,24.150857,24.150857,orig032 start: C,d145-164.wav,31.0,Orig Start,032: C,Promo4 Peace,Net Radio,,,0.1004790964,144.6898988
8681.481748,24.23868,24.23868,orig032 start: A,d145-164.wav,31.0,Orig Start,032: A,Promo4 Peace,Net Radio,,,0.1004801128,144.6913625
8681.746269,24.503201,25.481829,orig032 sync: A,d145-164.wav,32.0,Orig Sync,032 A,,,,,0.1004831744,144.6957712
8681.834092,24.591024,25.569653,track032 sync: A,d145-164.wav,32.0,Track Sync,032 A,,,,,0.1004841909,144.6972349
8681.834092,24.591024,426.131,start032: ID: Skycutter & Kiki Mojo - Crystal Blue,d145-164.wav,32.0,TrackStart,,Crystal Blue,Skycutter & Kiki Mojo,,,0.1004841909,144.6972349
8682.054041,24.810973,24.855426,note: A sync waves try 2 -- inverted from original?,d145-164.wav,32.0,Note,A sync waves try 2 -- inverted from original?,Crystal Blue,Skycutter & Kiki Mojo,,,0.1004867366,144.7009007
8682.203377,24.960309,24.964945,note: sync wave A - mix stretch evident even over 0.005 sec,d145-164.wav,32.0,Note,sync wave A - mix stretch evident even over 0.005 sec,Crystal Blue,Skycutter & Kiki Mojo,,,0.100488465,144.7033896
8772.585798,115.34273,115.795864,track sync: B,d145-164.wav,32.0,Track Sync,032 B,,,,,0.1015345578,146.2097633
8772.593878,115.35081,115.803945,orig032 sync: B,d145-164.wav,32.0,Orig Sync,032 B,,,0.9989443530649222,,0.1015346514,146.209898
8772.81151,115.568442,115.571248,note: sync wave B,d145-164.wav,32.0,Note,sync wave B,Crystal Blue,Skycutter & Kiki Mojo,,,0.1015371703,146.2135252
8778.102386999999,120.859319,120.859319,note: end 1st set yeahs,d145-164.wav,32.0,Note,end 1st set yeahs,Crystal Blue,Skycutter & Kiki Mojo,,,0.1015984073,146.3017065
8784.053579,126.810511,126.810511,note: end 2nd set yeahs,d145-164.wav,32.0,Note,end 2nd set yeahs,Crystal Blue,Skycutter & Kiki Mojo,,,0.1016672868,146.400893
8789.821668,132.5786,132.5786,orig032 note: end 3rd set yeahs,d145-164.wav,32.0,Orig Note,032: end 3rd set yeahs,Crystal Blue,Skycutter & Kiki Mojo,,,0.1017340471,146.4970278
8789.937705,132.694637,132.694637,note: end 3rd set yeahs,d145-164.wav,32.0,Note,end 3rd set yeahs,Crystal Blue,Skycutter & Kiki Mojo,,,0.1017353901,146.4989618
8793.677055,136.433987,136.985955,note: e-yeah-a,d145-164.wav,32.0,Note,e-yeah-a,Crystal Blue,Skycutter & Kiki Mojo,,,0.1017786696,146.5612843
8793.679705999999,136.436638,136.436638,orig032 note: entering 4th set yeahs,d145-164.wav,32.0,Orig Note,032: entering 4th set yeahs,Crystal Blue,Skycutter & Kiki Mojo,,,0.1017787003,146.5613284
8793.680139,136.437071,136.989039,orig032 sync: C,d145-164.wav,32.0,Orig Sync,032 C,,,0.9989443530649222,,0.1017787053,146.5613357
8793.68014,136.437072,136.98904,track sync: C rough sync,d145-164.wav,32.0,Track Sync,032 C rough sync,,,0.9989443530649222,,0.1017787053,146.5613357
8793.714122,136.471054,136.902568,orig032 note: e-yeah-a,d145-164.wav,32.0,Orig Note,032: e-yeah-a,Crystal Blue,Skycutter & Kiki Mojo,,,0.1017790986,146.561902
8793.876928,136.63386,136.63386,note: entering 4th set yeahs,d145-164.wav,32.0,Note,entering 4th set yeahs,Crystal Blue,Skycutter & Kiki Mojo,,,0.101780983,146.5646155
8795.079005,137.835937,137.835937,orig032 note: skip break left side,d145-164.wav,32.0,Orig Note,032: skip break left side,Crystal Blue,Skycutter & Kiki Mojo,,,0.1017948959,146.5846501
8795.079005,137.835937,140.62887,note: skip back this far (2.793s) with syncs C and D,d145-164.wav,32.0,Orig Start,793: ) with syncs C and D,Crystal Blue,Skycutter & Kiki Mojo,,,0.1017948959,146.5846501
8795.079013999999,137.835946,137.835946,note: track skips back 2.793s (d145-164 and other synced files),d145-164.wav,32.0,Orig Start,793:  (d145-164 and other synced files),Crystal Blue,Skycutter & Kiki Mojo,,,0.101794896,146.5846502
8797.607186,140.364118,140.364118,orig032 note: split to find skip length,d145-164.wav,32.0,Orig Note,032: split to find skip length,Crystal Blue,Skycutter & Kiki Mojo,,,0.1018241572,146.6267864
8800.824589,143.581521,143.59939,orig032 sync: D post-skip,d145-164.wav,32.0,Orig Sync,032 D post-skip,,,0.9989443530649222,,0.1018613957,146.6804098
8801.089351,143.846283,143.864152,track sync: D post-skip,d145-164.wav,32.0,Track Sync,032 D post-skip,,,0.9989443530649222,,0.1018644601,146.6848225
9056.975382,399.732314,401.211287,orig032 sync: E cymbal end percussion,d145-164.wav,32.0,Orig Sync,032 E cymbal end percussion,,,0.9989443530649222,,0.104826104,150.9495897
9056.975382,399.732314,401.211287,track sync: E cymbal end percussion,d145-164.wav,32.0,Track Sync,032 E cymbal end percussion,,,0.9989443530649222,,0.104826104,150.9495897
9083.138292,425.895224,425.895224,orig033 start: A,d145-164.wav,32.0,Orig Start,033: A,Crystal Blue,Skycutter & Kiki Mojo,,,0.1051289154,151.3856382
9083.138292,425.895224,425.895224,orig033 start: A,d145-164.wav,32.0,Orig Start,033: A,Crystal Blue,Skycutter & Kiki Mojo,,,0.1051289154,151.3856382
9083.374158999999,426.131091,767.4,start033: ID: Squarepusher - Problem Child,d145-164.wav,33.0,TrackStart,,Problem Child,Squarepusher,,,0.1051316454,151.3895693
9083.404084,426.161016,426.252825,orig033 sync: A,d145-164.wav,33.0,Orig Sync,033 A,,,,,0.1051319917,151.3900681
9083.404084,426.161016,426.252825,track sync: A start,d145-164.wav,33.0,Track Sync,033 A start,,,,,0.1051319917,151.3900681
9088.793934,431.550866,431.550866,orig032 end: E,d145-164.wav,33.0,Orig End,032: E,Problem Child,Squarepusher,,,0.1051943742,151.4798989
9088.793934,431.550866,431.550866,orig32 end: E (split at mix skip),d145-164.wav,33.0,Orig End,32: E (split at mix skip),Problem Child,Squarepusher,,,0.1051943742,151.4798989
9089.058696,431.815628,431.815628,orig032 end: D (split),d145-164.wav,33.0,Orig End,032: D (split),Problem Child,Squarepusher,,,0.1051974386,151.4843116
9170.306064,513.062996,513.064438,orig033 sync: 1,d145-164.wav,33.0,Orig Sync,033 1,,,,,0.1061378017,152.8384344
9170.306064,513.062996,515.15193,orig033 note: sync Ato1 delta 2.089,d145-164.wav,33.0,Orig Note,033: sync Ato1 delta 2.089,Problem Child,Squarepusher,,,0.1061378017,152.8384344
9172.394998,515.15193,515.153372,track sync: 1,d145-164.wav,33.0,Track Sync,033 1,,,,,0.1061619791,152.87325
9253.223322,595.980254,595.980932,orig033 sync: 2,d145-164.wav,33.0,Orig Sync,033 2,,,,,0.1070974922,154.2203887
9253.223322,595.980254,597.976694,orig033 note: sync Ato2 delta 1.996s,d145-164.wav,33.0,Orig Note,033: sync Ato2 delta 1.996s,Problem Child,Squarepusher,,,0.1070974922,154.2203887
9255.219762,597.976694,597.977372,track sync: 2 (inverted from orig),d145-164.wav,33.0,Track Sync,033 2 (inverted from orig),,,,,0.1071205991,154.2536627
9316.236893,658.993825,659.02595,orig033 sync: 3,d145-164.wav,33.0,Orig Sync,033 3,,,,,0.1078268159,155.2706149
9316.236893,658.993825,660.919494,orig033 note: sync Ato3 delta 1.926,d145-164.wav,33.0,Orig Note,033: sync Ato3 delta 1.926,Problem Child,Squarepusher,,,0.1078268159,155.2706149
9318.162562,660.919494,660.951619,track sync: 3,d145-164.wav,33.0,Track Sync,033 3,,,,,0.1078491037,155.3027094
9421.155805,763.912737,764.084451,orig033 sync: B,d145-164.wav,33.0,Orig Sync,033 B,,,,,0.1090411552,157.0192634
9421.155805,763.912737,765.720878,orig033 note: sync AtoB delta 1.808s,d145-164.wav,33.0,Orig Note,033: sync AtoB delta 1.808s,Problem Child,Squarepusher,,,0.1090411552,157.0192634
9422.963946,765.720878,765.892592,track sync: B end knocks,d145-164.wav,33.0,Track Sync,033 B end knocks,,,1.005353461988725,,0.1090620827,157.0493991
9424.396854999999,767.153787,767.153787,orig034 start: A,d145-164.wav,33.0,Orig Start,034: A,Problem Child,Squarepusher,,,0.1090786673,157.0732809
9424.451172,767.208104,767.208104,orig033 end: A 7:05,d145-164.wav,33.0,Orig End,033: A 7:05,Problem Child,Squarepusher,,,0.109079296,157.0741862
9424.458329,767.215261,767.215261,orig034 start: 0 - start sync,d145-164.wav,33.0,Orig Start,034: 0 - start sync,Problem Child,Squarepusher,,,0.1090793788,157.0743055
9424.643103999999,767.400036,1219.967938,start034: ID: The Advocate - You Talking To Me?,d145-164.wav,34.0,TrackStart,,You Talking To Me?,The Advocate,,,0.1090815174,157.0773851
9426.215154,768.972086,768.972086,orig034 start: B,d145-164.wav,34.0,Orig Start,034: B,You Talking To Me?,The Advocate,,,0.1090997124,157.1035859
9426.215154,768.972086,768.972086,orig034 start: B,d145-164.wav,34.0,Orig Start,034: B,You Talking To Me?,The Advocate,,,0.1090997124,157.1035859
9426.288473999999,769.045406,769.045406,orig033 end: A,d145-164.wav,34.0,Orig End,033: A,You Talking To Me?,The Advocate,,,0.109100561,157.1048079
9426.288473999999,769.045406,769.045406,orig033 end: B 12:45,d145-164.wav,34.0,Orig End,033: B 12:45,You Talking To Me?,The Advocate,,,0.109100561,157.1048079
9426.295947999999,769.05288,769.05288,orig034 start: 3,d145-164.wav,34.0,Orig Start,034: 3,You Talking To Me?,The Advocate,,,0.1091006475,157.1049325
9426.406002,769.162934,769.162934,orig033 end: 3 11:00,d145-164.wav,34.0,Orig End,033: 3 11:00,You Talking To Me?,The Advocate,,,0.1091019213,157.1067667
9426.476773,769.233705,769.233705,orig033 end: 2 9:57,d145-164.wav,34.0,Orig End,033: 2 9:57,You Talking To Me?,The Advocate,,,0.1091027404,157.1079462
9426.529077,769.286009,769.286009,orig034 start: 2,d145-164.wav,34.0,Orig Start,034: 2,You Talking To Me?,The Advocate,,,0.1091033458,157.108818
9426.569266999999,769.326199,769.326199,orig033 end: 1 8:35,d145-164.wav,34.0,Orig End,033: 1 8:35,You Talking To Me?,The Advocate,,,0.109103811,157.1094878
9426.629168,769.3861,769.3861,orig034 start: 1,d145-164.wav,34.0,Orig Start,034: 1,You Talking To Me?,The Advocate,,,0.1091045043,157.1104861
9447.231081,789.988013,790.488968,track sync: A tones,d145-164.wav,34.0,Track Sync,034 A tones,,,,,0.1093429523,157.4538514
9447.235484,789.992416,790.001548,note: tone start,d145-164.wav,34.0,Note,tone start,You Talking To Me?,The Advocate,,,0.1093430033,157.4539247
9449.04938,791.806312,792.307267,orig034 sync: A,d145-164.wav,34.0,Orig Sync,034 A,,,,,0.1093639975,157.4841563
9494.206903,836.963835,837.188221,orig034 sync: 1,d145-164.wav,34.0,Orig Sync,034 1,,,,,0.109886654,158.2367817
9494.620917,837.377849,837.602235,track sync: 1 strong beat,d145-164.wav,34.0,Track Sync,034 1 strong beat,,,,,0.1098914458,158.243682
9581.786286999999,924.543219,926.359182,orig034 sync: 2 please hang up,d145-164.wav,34.0,Orig Sync,034 2 please hang up,,,,,0.1109003042,159.6964381
9582.10021,924.857142,926.673105,track sync: 2 please hang up and try again,d145-164.wav,34.0,Track Sync,034 2 please hang up and try again,,,,,0.1109039376,159.7016702
9788.264129,1131.021061,1132.294322,track sync: 3 hauh...,d145-164.wav,34.0,Track Sync,034 3 hauh...,,,,,0.1132900941,163.1377355
9860.654106,1203.411038,1204.087458,orig034 sync: B last drumbeat,d145-164.wav,34.0,Orig Sync,034 B last drumbeat,,,,,0.114127941,164.3442351
9860.654106,1203.411038,1204.087458,track sync: B last drumbeat,d145-164.wav,34.0,Track Sync,034 B last drumbeat,,,1.0044175853316126,,0.114127941,164.3442351
9877.211006,1219.967938,1219.967938,file end: d145-164.wav COMPLETE,d145-164.wav,34.0,File End,d145-164.wav COMPLETE,You Talking To Me?,The Advocate,,,0.1143195718,164.6201834
9877.211068,1219.968,1219.968,note d165-186: file start sync: d165-186.wav 8657.243068 verified d165-186b PRIMARY,d145-164.wav,34.0,Note,note d165-186: file start sync: d165-186.wav 8657.243068 verified d165-186b PRIMARY,You Talking To Me?,The Advocate,,,0.1143195725,164.6201845
9877.343915,1220.100847,1220.103999,note d165-186: sync wave with d165-186b,d145-164.wav,34.0,Note,note d165-186: sync wave with d165-186b,You Talking To Me?,The Advocate,,,0.1143211101,164.6223986
9882.234746,1224.991678,1224.991678,orig034 end: B,d145-164.wav,34.0,Orig End,034: B,You Talking To Me?,The Advocate,,,0.114377717,164.7039124
9882.234746,1224.991678,1224.991678,orig034 end: B,d145-164.wav,34.0,Orig End,034: B,You Talking To Me?,The Advocate,,,0.114377717,164.7039124
9918.849766,1261.606698,1262.193536,note d165-186: skip?,d145-164.wav,34.0,Note,note d165-186: skip?,You Talking To Me?,The Advocate,,,0.1148015019,165.3141628
10401.49232,1744.249252,1745.318135,note d165-186: skip? (both d165-186 and d165-186b),d145-164.wav,34.0,Note,note d165-186: skip? (both d165-186 and d165-186b),You Talking To Me?,The Advocate,,,0.1203876426,173.3582053
10853.051068,2195.808,2195.808,note d-14Nov10-a: file start sync: d-14Nov10-a.au 8657.243068 verified by d165-186 d165-186b,d145-164.wav,34.0,Note,note d-14Nov10-a: file start sync: d-14Nov10-a.au 8657.243068 verified by d165-186 d165-186b,You Talking To Me?,The Advocate,,,0.125614017,180.8841845
10853.051068,2195.808,2520.384,note d-14Nov10-a: in sync with d165-186 over this range,d145-164.wav,34.0,Note,note d-14Nov10-a: in sync with d165-186 over this range,You Talking To Me?,The Advocate,,,0.125614017,180.8841845
11177.627068,2520.384,2520.384,note d165-186: file end: d165-186.wav,d145-164.wav,34.0,Note,note d165-186: file end: d165-186.wav,You Talking To Me?,The Advocate,,,0.1293706837,186.2937845
11177.627068,2520.384,2520.416,note d-14Nov10-a: in sync with d165-186b over this range (but it is not primary),d145-164.wav,34.0,Note,note d-14Nov10-a: in sync with d165-186b over this range (but it is not primary),You Talking To Me?,The Advocate,,,0.1293706837,186.2937845
12053.051068,3395.808,3395.808,note d-14Nov10-a: file end: d-14Nov10-a.au,d145-164.wav,34.0,Note,note d-14Nov10-a: file end: d-14Nov10-a.au,You Talking To Me?,The Advocate,,,0.1395029059,200.8841845
9877.179068,1219.936,1219.936,file start sync: d165-186b.wav 8657.243068 verified d145-164 d165-186,d165-186b.wav,,File Start Sync,d165-186b.wav 8657.243068 verified d145-164 d165-186,,The Advocate,,,0.1143192022,164.6196511
9877.179068,1219.936,1219.968,file note: in sync with d145-164 over this range of 0.030 sec,d165-186b.wav,,File Note,in sync with d145-164 over this range of 0.030 sec,,The Advocate,,,0.1143192022,164.6196511
9877.211068,1219.968,2520.384,file note: in sync with d165-186 over this range,d165-186b.wav,,File Note,in sync with d165-186 over this range,,The Advocate,,,0.1143195725,164.6201845
11177.627068,2520.384,2520.384,note: end of d165-186.wav,d165-186b.wav,,Note,end of d165-186.wav,,The Advocate,,,0.1293706837,186.2937845
11177.627068,2520.384,2520.416,file note: in sync with d-14Nov10-a over this range 1411 samples 0.032 sec,d165-186b.wav,,File Note,in sync with d-14Nov10-a over this range 1411 samples 0.032 sec,,The Advocate,,,0.1293706837,186.2937845
11177.659068,2520.416,2520.416,file end: d165-186b.wav COMPLETE,d165-186b.wav,,File End,d165-186b.wav COMPLETE,,The Advocate,,,0.129371054,186.2943178
9877.211068,0.0,0.0,file start sync: d165-186.wav 9877.211068 verified d165-186b PRIMARY,d165-186.wav,,File Start Sync,d165-186.wav 9877.211068 verified d165-186b PRIMARY,,,,,0.1143195725,164.6201845
9877.037621000001,-0.173447,-0.173447,orig035 start: B (pre-skip),d165-186.wav,,Orig Start,035: B (pre-skip),,,,,0.1143175651,164.6172937
9877.211068,0.0,462.96686,start035: ID: Decoder - Circuit Breaker,d165-186.wav,35.0,TrackStart,,Circuit Breaker,Decoder,,,0.1143195725,164.6201845
9877.306802000001,0.095734,0.161982,orig035 sync: A start,d165-186.wav,35.0,Orig Sync,035 A start,,,,,0.1143206806,164.62178
9877.341836000001,0.130768,0.197016,track sync: A start,d165-186.wav,35.0,Track Sync,035 A start,,,,,0.1143210861,164.6223639
9882.234746,5.023678,5.023678,orig034 end: B,d165-186.wav,35.0,Orig End,034: B,Circuit Breaker,Decoder,,,0.114377717,164.7039124
9911.765533,34.554465,35.03214,orig035 sync: B pre-skip,d165-186.wav,35.0,Orig Sync,035 B pre-skip,,,,,0.1147195085,165.1960922
9911.765533,34.554465,35.03214,track sync: B pre-skip,d165-186.wav,35.0,Track Sync,035 B pre-skip,,,0.9989833055663018,,0.1147195085,165.1960922
9919.038235,41.827167,41.827167,orig035 note: split to find mix skip length (left),d165-186.wav,35.0,Orig Note,035: split to find mix skip length (left),Circuit Breaker,Decoder,,,0.1148036833,165.3173039
9919.038235,41.827167,46.891407,note: skip back 5.064s (with sync B and C) (d165-186 and d165-186b),d165-186.wav,35.0,Orig Start,064:  (with sync B and C) (d165-186 and d165-186b),Circuit Breaker,Decoder,,,0.1148036833,165.3173039
9923.642589000001,46.431521,46.431521,orig035 note: split to find mix skip (right),d165-186.wav,35.0,Orig Note,035: split to find mix skip (right),Circuit Breaker,Decoder,,,0.1148569744,165.3940432
9923.990421,46.779353,46.784365,orig035 sync: C post-skip,d165-186.wav,35.0,Orig Sync,035 C post-skip,,,0.9989833055663018,,0.1148610002,165.3998404
9924.450308000001,47.23924,47.244252,track sync: C post-skip,d165-186.wav,35.0,Track Sync,035 C post-skip,,,0.9989833055663018,,0.114866323,165.4075051
10064.835270000001,187.624202,188.881553,orig035 sync: D,d165-186.wav,35.0,Orig Sync,035 D,,,0.9989833055663018,,0.116491149,167.7472545
10065.132798,187.92173,189.179081,track sync: D aligned on third wave,d165-186.wav,35.0,Track Sync,035 D aligned on third wave,,,0.9989833055663018,,0.1164945926,167.7522133
10170.607390000001,293.396322,294.868825,orig035 sync: E,d165-186.wav,35.0,Orig Sync,035 E,,,0.9989833055663018,,0.1177153633,169.5101232
10170.787821,293.576753,295.049255,track sync: E,d165-186.wav,35.0,Track Sync,035 E,,,0.9989833055663018,,0.1177174516,169.5131304
10328.846961000001,451.635893,456.357376,orig035 sync: F end post-skip,d165-186.wav,35.0,Orig Sync,035 F end post-skip,,,0.9989833055663018,,0.1195468398,172.1474494
10328.846961000001,451.635893,456.357376,track sync: F end,d165-186.wav,35.0,Track Sync,035 F end,,,0.9989833055663018,,0.1195468398,172.1474494
10339.907828000001,462.69676,462.69676,orig036 start: B,d165-186.wav,35.0,Orig Start,036: B,Circuit Breaker,Decoder,,,0.1196748591,172.3317971
10339.97733,462.766262,462.766262,orig036 start: A,d165-186.wav,35.0,Orig Start,036: A,Circuit Breaker,Decoder,,,0.1196756635,172.3329555
10340.108427000001,462.897359,463.505309,orig036 sync: A,d165-186.wav,36.0,Orig Sync,036 A,,,,,0.1196771809,172.3351405
10340.177928000001,462.96686,463.57481,track036 sync: A start,d165-186.wav,36.0,Track Sync,036 A start,,,,,0.1196779853,172.3362988
10340.177928000001,462.96686,813.581232,start036: ID: Slak & Snuggles - The Reckoning,d165-186.wav,36.0,TrackStart,,The Reckoning,Slak & Snuggles,,,0.1196779853,172.3362988
10341.285785,464.074717,464.074717,orig035 end: B,d165-186.wav,36.0,Orig End,035: B,The Reckoning,Slak & Snuggles,,,0.1196908077,172.3547631
10341.320819,464.109751,464.109751,orig035 end: A,d165-186.wav,36.0,Orig End,035: A,The Reckoning,Slak & Snuggles,,,0.1196912132,172.355347
10345.890138,468.67907,468.67907,orig035 end: F post-split,d165-186.wav,36.0,Orig End,035: F post-split,The Reckoning,Slak & Snuggles,,,0.1197440988,172.4315023
10345.890138,468.67907,468.67907,orig035 end: F post-split,d165-186.wav,36.0,Orig End,035: F post-split,The Reckoning,Slak & Snuggles,,,0.1197440988,172.4315023
10346.070569000001,468.859501,468.859501,orig035 end: E post-split,d165-186.wav,36.0,Orig End,035: E post-split,The Reckoning,Slak & Snuggles,,,0.1197461871,172.4345095
10346.187667,468.976599,468.976599,orig035 end: D post-split,d165-186.wav,36.0,Orig End,035: D post-split,The Reckoning,Slak & Snuggles,,,0.1197475424,172.4364611
10346.350025,469.138957,469.138957,orig035 end: C post-split,d165-186.wav,36.0,Orig End,035: C post-split,The Reckoning,Slak & Snuggles,,,0.1197494216,172.4391671
10401.129864,523.918796,524.546485,orig036 sync: B pre-skip,d165-186.wav,36.0,Orig Sync,036 B pre-skip,,,,,0.1203834475,173.3521644
10401.129864,523.918796,524.546485,track sync: B pre-skip,d165-186.wav,36.0,Track Sync,036 B pre-skip,,,0.9988610396048195,,0.1203834475,173.3521644
10401.98319,524.772122,524.772122,orig036 note: split to find mix skip length,d165-186.wav,36.0,Orig Note,036: split to find mix skip length,The Reckoning,Slak & Snuggles,,,0.120393324,173.3663865
10401.98319,524.772122,530.589663,note: skip back 5.818s (both d165-186 and d165-186b),d165-186.wav,36.0,Orig Start,818:  (both d165-186 and d165-186b),The Reckoning,Slak & Snuggles,,,0.120393324,173.3663865
10407.673148,530.46208,530.987128,orig036 sync: C post-skip,d165-186.wav,36.0,Orig Sync,036 C post-skip,,,0.9988610396048195,,0.12045918,173.4612191
10407.992989,530.781921,531.306969,track sync: C post-skip,d165-186.wav,36.0,Track Sync,036 C post-skip,,,0.9988610396048195,,0.1204628818,173.4665498
10529.727251,652.516183,652.914904,orig036 sync: D post-skip,d165-186.wav,36.0,Orig Sync,036 D post-skip,,,0.9988610396048195,,0.1218718432,175.4954542
10529.904757,652.693689,653.092409,track sync: D,d165-186.wav,36.0,Track Sync,036 D,,,0.9988610396048195,,0.1218738977,175.4984126
10683.942844000001,806.731776,808.834389,orig036 sync: E end,d165-186.wav,36.0,Orig Sync,036 E end,,,0.9988610396048195,,0.1236567459,178.0657141
10683.942844000001,806.731776,808.834389,track sync: E end,d165-186.wav,36.0,Track Sync,036 E end,,,0.9988610396048195,,0.1236567459,178.0657141
10690.538899000001,813.327831,813.327831,orig037 start: B,d165-186.wav,36.0,Orig Start,037: B,The Reckoning,Slak & Snuggles,,,0.1237330891,178.1756483
10690.538899000001,813.327831,813.327831,orig037 start: B,d165-186.wav,36.0,Orig Start,037: B,The Reckoning,Slak & Snuggles,,,0.1237330891,178.1756483
10690.576301000001,813.365233,813.365233,orig037 start: A,d165-186.wav,36.0,Orig Start,037: A,The Reckoning,Slak & Snuggles,,,0.123733522,178.1762717
10690.792300000001,813.581232,1300.42,start037: ID: Fierce & Nico - Input,d165-186.wav,37.0,TrackStart,,Input,Fierce & Nico,,,0.123736022,178.1798717
10691.657098,814.44603,814.830934,orig037 sync: A start,d165-186.wav,37.0,Orig Sync,037 A start,,,,,0.1237460312,178.194285
10691.694500000001,814.483432,814.868336,track sync: A start,d165-186.wav,37.0,Track Sync,037 A start,,,,,0.1237464641,178.1949083
10695.629189000001,818.418121,818.418121,orig036 end: E,d165-186.wav,37.0,Orig End,036: E,Input,Fierce & Nico,,,0.1237920045,178.2604865
10695.629189000001,818.418121,818.418121,orig036 end: E post-skip,d165-186.wav,37.0,Orig End,036: E post-skip,Input,Fierce & Nico,,,0.1237920045,178.2604865
10695.806695000001,818.595627,818.595627,orig036 end: D post-skip,d165-186.wav,37.0,Orig End,036: D post-skip,Input,Fierce & Nico,,,0.123794059,178.2634449
10695.94903,818.737962,818.737962,orig036 end: C post-skip,d165-186.wav,37.0,Orig End,036: C post-skip,Input,Fierce & Nico,,,0.1237957064,178.2658172
10725.283622,848.072554,848.09402,orig037 sync: B pre-skip,d165-186.wav,37.0,Orig Sync,037 B pre-skip,,,,,0.1241352271,178.754727
10725.283622,848.072554,848.09402,track sync: B pre-skip,d165-186.wav,37.0,Track Sync,037 B pre-skip,,,0.9988877232746375,,0.1241352271,178.754727
10727.206335,849.995267,849.995267,orig037 note: split to find mix skip length (left),d165-186.wav,37.0,Orig Note,037: split to find mix skip length (left),Input,Fierce & Nico,,,0.1241574807,178.7867723
10727.206335,849.995267,854.97253,note: skip back 4.977s (both files),d165-186.wav,37.0,Orig Start,977:  (both files),Input,Fierce & Nico,,,0.1241574807,178.7867723
10732.601209,855.390141,856.148105,orig037 sync: C post-skip,d165-186.wav,37.0,Orig Sync,037 C post-skip,,,0.9988877232746375,,0.1242199214,178.8766868
10733.102221000001,855.891153,856.649117,track sync: C post-skip,d165-186.wav,37.0,Track Sync,037 C post-skip,,,0.9988877232746375,,0.1242257202,178.885037
10794.188240000001,916.977172,917.970026,orig037 sync: D,d165-186.wav,37.0,Orig Sync,037 D,,,0.9988877232746375,,0.1249327343,179.9031373
10794.619669,917.408601,918.401455,track sync: D post-skip,d165-186.wav,37.0,Track Sync,037 D post-skip,,,0.9988877232746375,,0.1249377277,179.9103278
10853.051068,975.84,975.84,note d-14Nov10-a: file start sync: d-14Nov10-a.au 8657.243068 verified by d165-186 d165-186b,d165-186.wav,37.0,Note,note d-14Nov10-a: file start sync: d-14Nov10-a.au 8657.243068 verified by d165-186 d165-186b,Input,Fierce & Nico,,,0.125614017,180.8841845
10853.051068,975.84,975.84,note: file start d-14Nov10-a,d165-186.wav,37.0,Note,file start d-14Nov10-a,Input,Fierce & Nico,,,0.125614017,180.8841845
10853.051068,975.84,1300.416,note d-14Nov10-a: file note: in sync with d165-186 over this range,d165-186.wav,37.0,Note,note d-14Nov10-a: file note: in sync with d165-186 over this range,Input,Fierce & Nico,,,0.125614017,180.8841845
11076.211109,1199.000041,1202.758278,orig037 sync: E,d165-186.wav,37.0,Orig Sync,037 E,,,0.9988877232746375,,0.1281968878,184.6035185
11076.317708,1199.10664,1202.864877,track sync: E,d165-186.wav,37.0,Track Sync,037 E,,,0.9988877232746375,,0.1281981216,184.6052951
11173.917391,1296.706323,1298.153166,orig037 sync: F end,d165-186.wav,37.0,Orig Sync,037 F end,,,0.9988877232746375,,0.1293277476,186.2319565
11173.917391,1296.706323,1298.153166,track sync: F end,d165-186.wav,37.0,Track Sync,037 F end,,,0.9988877232746375,,0.1293277476,186.2319565
11177.627068,1300.416,1300.416,file end: d165-186.wav COMPLETE,d165-186.wav,37.0,File End,d165-186.wav COMPLETE,Input,Fierce & Nico,,,0.1293706837,186.2937845
11177.627068,1300.416,1300.416,note: file start d187-200,d165-186.wav,37.0,Note,file start d187-200,Input,Fierce & Nico,,,0.1293706837,186.2937845
11177.627068,1300.416,1300.448,note d-14Nov10-a: in sync with d165-186b over this range (but it is not primary),d165-186.wav,37.0,Note,note d-14Nov10-a: in sync with d165-186b over this range (but it is not primary),Input,Fierce & Nico,,,0.1293706837,186.2937845
11177.659068,1300.448,1300.448,note d187-216b: file start sync: d187-216b.wav MARK verified d187-200,d165-186.wav,37.0,Note,note d187-216b: file start sync: d187-216b.wav MARK verified d187-200,Input,Fierce & Nico,,,0.129371054,186.2943178
11177.659068,1300.448,2175.84,note d187-216b: file note: in sync with d-14Nov10-a over this range,d165-186.wav,37.0,Note,note d187-216b: file note: in sync with d-14Nov10-a over this range,Input,Fierce & Nico,,,0.129371054,186.2943178
11181.674559000001,1304.463491,1304.463491,orig037 end: F,d165-186.wav,37.0,Orig End,037: F,Input,Fierce & Nico,,,0.1294175296,186.3612427
11181.676373,1304.465305,1304.465305,orig037 end: F,d165-186.wav,37.0,Orig End,037: F,Input,Fierce & Nico,,,0.1294175506,186.3612729
11181.782972,1304.571904,1304.571904,orig037 end: E,d165-186.wav,37.0,Orig End,037: E,Input,Fierce & Nico,,,0.1294187844,186.3630495
11182.105987,1304.894919,1304.894919,orig037 end: D,d165-186.wav,37.0,Orig End,037: D,Input,Fierce & Nico,,,0.129422523,186.3684331
11182.177385,1304.966317,1304.966317,orig037 end: C,d165-186.wav,37.0,Orig End,037: C,Input,Fierce & Nico,,,0.1294233494,186.3696231
12053.051068,2175.84,2175.84,note d-14Nov10-a: file end: d-14Nov10-a.au,d165-186.wav,37.0,Note,note d-14Nov10-a: file end: d-14Nov10-a.au,Input,Fierce & Nico,,,0.1395029059,200.8841845
12053.051068,2175.84,2175.84,note d-14Nov10-a: file end: d-14Nov10-a.wav,d165-186.wav,37.0,Note,note d-14Nov10-a: file end: d-14Nov10-a.wav,Input,Fierce & Nico,,,0.1395029059,200.8841845
12053.051068,2175.84,2175.84,note d187-216b: file end d-14Nov10-a,d165-186.wav,37.0,Note,note d187-216b: file end d-14Nov10-a,Input,Fierce & Nico,,,0.1395029059,200.8841845
12406.019212000001,2528.808144,2529.175937,note d187-216b: SKIP,d165-186.wav,37.0,Note,note d187-216b: SKIP,Input,Fierce & Nico,,,0.1435881853,206.7669869
12446.203068,2568.992,2568.992,note d187-216b: file end: d187-216b.wav,d165-186.wav,37.0,Note,note d187-216b: file end: d187-216b.wav,Input,Fierce & Nico,,,0.1440532763,207.4367178
11177.627068,1300.416,1300.416,file start sync: d187-200.wav 9877.211068 verified d-14Nov10-a,d187-200.wav,,File Start Sync,d187-200.wav 9877.211068 verified d-14Nov10-a,,Fierce & Nico,,,0.1293706837,186.2937845
11177.627068,1300.416,1699.775312,file note: in sync with d-14Nov10-a over entire file,d187-200.wav,,File Note,in sync with d-14Nov10-a over entire file,,Fierce & Nico,,,0.1293706837,186.2937845
11576.98638,1699.775312,1699.775312,file end: d187-200.wav COMPLETE,d187-200.wav,,File End,d187-200.wav COMPLETE,,Fierce & Nico,,,0.1339928979,192.949773
10853.051068,0.0,0.0,file start sync: d-14Nov10-a.au 10853.051068 verified by d165-186 d165-186b,d-14Nov10-a.au,,File Start Sync,d-14Nov10-a.au 10853.051068 verified by d165-186 d165-186b,,,,,0.125614017,180.8841845
10853.051068,0.0,324.576,file note: in sync with d165-186 over this range,d-14Nov10-a.au,,File Note,in sync with d165-186 over this range,,,,,0.125614017,180.8841845
11177.430758,324.37969,324.37969,orig038 start: B,d-14Nov10-a.au,,Orig Start,038: B,,,,,0.1293684116,186.2905126
11177.430758,324.37969,324.37969,orig038 start: B,d-14Nov10-a.au,,Orig Start,038: B,,,,,0.1293684116,186.2905126
11177.459443,324.408375,324.408375,orig038 start: A,d-14Nov10-a.au,,Orig Start,038: A,,,,,0.1293687436,186.2909907
11177.608247,324.557179,325.097016,orig038 sync: A start,d-14Nov10-a.au,38.0,Orig Sync,038 A start,,,,,0.1293704658,186.2934708
11177.627068000002,324.576,324.576,note: file start d187-200,d-14Nov10-a.au,,Note,file start d187-200,,,,,0.1293706837,186.2937845
11177.636935,324.585867,325.125701,track038 sync: A,d-14Nov10-a.au,38.0,Track Sync,038 A,,,,,0.1293707979,186.2939489
11177.636935,324.585867,861.696823,"start038: ID: Friends, Lovers & Family - Dark Fader",d-14Nov10-a.au,38.0,TrackStart,,Dark Fader,"Friends, Lovers & Family",,,0.1293707979,186.2939489
11203.779260000001,350.728192,350.914901,orig038 sync: B pre-skip,d-14Nov10-a.au,38.0,Orig Sync,038 B pre-skip,,,,,0.1296733711,186.7296543
11203.779260000001,350.728192,350.914901,track sync: B pre-skip,d-14Nov10-a.au,38.0,Track Sync,038 B pre-skip,,,0.9989038253887998,,0.1296733711,186.7296543
11204.566119000001,351.515051,351.515051,orig038 note: split to find skip in mix (left),d-14Nov10-a.au,38.0,Orig Note,038: split to find skip in mix (left),Dark Fader,"Friends, Lovers & Family",,,0.1296824782,186.7427687
11204.566119000001,351.515051,355.64944,note: skip back 4.134s,d-14Nov10-a.au,38.0,Note,skip back 4.134s,Dark Fader,"Friends, Lovers & Family",,,0.1296824782,186.7427687
11208.132572,355.081504,355.081504,orig038 note: split to find skip in mix (right),d-14Nov10-a.au,38.0,Orig Note,038: split to find skip in mix (right),Dark Fader,"Friends, Lovers & Family",,,0.1297237566,186.8022095
11214.211814,361.160746,361.687082,orig038 sync: C post-skip,d-14Nov10-a.au,38.0,Orig Sync,038 C post-skip,,,0.9989038253887998,,0.1297941182,186.9035302
11214.779751,361.728683,362.255019,track sync: C post-skip,d-14Nov10-a.au,38.0,Track Sync,038 C post-skip,,,0.9989038253887998,,0.1298006916,186.9129959
11305.689149,452.638081,454.079873,orig038 sync: D post-skip,d-14Nov10-a.au,38.0,Orig Sync,038 D post-skip,,,0.9989038253887998,,0.1308528837,188.4281525
11306.166972,453.115904,454.557696,track sync: D post-skip,d-14Nov10-a.au,38.0,Track Sync,038 D post-skip,,,0.9989038253887998,,0.130858414,188.4361162
11311.519657,458.468589,458.468589,"note: ..""(oh) give""",d-14Nov10-a.au,38.0,Note,"..""(oh) give""",Dark Fader,"Friends, Lovers & Family",,,0.1309203664,188.5253276
11385.86931,532.818242,532.818242,note: ..talking in background,d-14Nov10-a.au,38.0,Note,..talking in background,Dark Fader,"Friends, Lovers & Family",,,0.1317808948,189.7644885
11397.312992000001,544.261924,544.261924,"note: ..""telling them...""",d-14Nov10-a.au,38.0,Note,"..""telling them...""",Dark Fader,"Friends, Lovers & Family",,,0.1319133448,189.9552165
11397.904537,544.853469,544.853469,"note: ..""where to go...""",d-14Nov10-a.au,38.0,Note,"..""where to go...""",Dark Fader,"Friends, Lovers & Family",,,0.1319201914,189.9650756
11406.955621000001,553.904553,554.139391,orig038 sync: E post-skip,d-14Nov10-a.au,38.0,Orig Sync,038 E post-skip,,,0.9989038253887998,,0.1320249493,190.115927
11407.302673,554.251605,554.486443,track sync: E post-skip,d-14Nov10-a.au,38.0,Track Sync,038 E post-skip,,,0.9989038253887998,,0.1320289661,190.1217112
11563.615845,710.564777,711.60243,orig038 sync: F post-skip,d-14Nov10-a.au,38.0,Orig Sync,038 F post-skip,,,0.9989038253887998,,0.1338381464,192.7269308
11563.772604000002,710.721536,711.759189,track sync: F post-skip,d-14Nov10-a.au,38.0,Track Sync,038 F post-skip,,,0.9989038253887998,,0.1338399607,192.7295434
11576.618799,723.567731,723.567731,"note: ..""when I think of the idea of heaven, i think of""",d-14Nov10-a.au,38.0,Note,"..""when I think of the idea of heaven, i think of""",Dark Fader,"Friends, Lovers & Family",,,0.1339886435,192.9436467
11641.006512,787.955444,787.955444,"note: ""I give my heart""",d-14Nov10-a.au,38.0,Note,"""I give my heart""",Dark Fader,"Friends, Lovers & Family",,,0.1347338717,194.0167752
11706.186993000001,853.135925,853.135925,"note: ""would you like to be m-modified""",d-14Nov10-a.au,38.0,Note,"""would you like to be m-modified""",Dark Fader,"Friends, Lovers & Family",,,0.1354882754,195.1031166
11710.338407000001,857.287339,858.084693,orig038 sync: G post-skip end,d-14Nov10-a.au,38.0,Orig Sync,038 G post-skip end,,,0.9989038253887998,,0.1355363242,195.1723068
11710.338407000001,857.287339,858.084693,track sync: G post-skip end,d-14Nov10-a.au,38.0,Track Sync,038 G post-skip end,,,0.9989038253887998,,0.1355363242,195.1723068
11714.747891,861.696823,895.785,start039: ID: Net Radio - Promo5 Club Groove,d-14Nov10-a.au,39.0,TrackStart,,Promo5 Club Groove,Net Radio,,,0.1355873598,195.2457982
11716.455157,863.404089,863.404089,orig038 end: G post-skip,d-14Nov10-a.au,39.0,Orig End,038: G post-skip,Promo5 Club Groove,Net Radio,,,0.1356071199,195.2742526
11716.455157,863.404089,863.404089,orig038 end: G post-skip,d-14Nov10-a.au,39.0,Orig End,038: G post-skip,Promo5 Club Groove,Net Radio,,,0.1356071199,195.2742526
11716.611914000001,863.560846,863.560846,orig038 end: F post-skip,d-14Nov10-a.au,39.0,Orig End,038: F post-skip,Promo5 Club Groove,Net Radio,,,0.1356089342,195.2768652
11716.932980000001,863.881912,863.881912,orig038 end: D post-skip,d-14Nov10-a.au,39.0,Orig End,038: D post-skip,Promo5 Club Groove,Net Radio,,,0.1356126502,195.2822163
11717.023094,863.972026,863.972026,orig038 end: C post-skip,d-14Nov10-a.au,39.0,Orig End,038: C post-skip,Promo5 Club Groove,Net Radio,,,0.1356136932,195.2837182
11747.542995,894.491927,894.491927,orig040 start: B,d-14Nov10-a.au,39.0,Orig Start,040: B,Promo5 Club Groove,Net Radio,,,0.1359669328,195.7923833
11747.542995,894.491927,894.491927,orig040 start: B,d-14Nov10-a.au,39.0,Orig Start,040: B,Promo5 Club Groove,Net Radio,,,0.1359669328,195.7923833
11747.594514,894.543446,894.543446,orig040 start: 1,d-14Nov10-a.au,39.0,Orig Start,040: 1,Promo5 Club Groove,Net Radio,,,0.1359675291,195.7932419
11747.669549,894.618481,894.618481,orig040 start: A,d-14Nov10-a.au,39.0,Orig Start,040: A,Promo5 Club Groove,Net Radio,,,0.1359683976,195.7944925
11748.836068,895.785,1111.92,start040: ID: David Kristian - Hopeless,d-14Nov10-a.au,40.0,TrackStart,,Hopeless,David Kristian,,,0.1359818989,195.8139345
11748.836130000002,895.785062,895.785062,note: helicopter,d-14Nov10-a.au,40.0,Note,helicopter,Hopeless,David Kristian,,,0.1359818997,195.8139355
11756.769794,903.718726,904.299704,"note: low start, real start of notes",d-14Nov10-a.au,40.0,Note,"low start, real start of notes",Hopeless,David Kristian,,,0.1360737245,195.9461632
11757.224219,904.173151,905.132593,orig040 sync: A,d-14Nov10-a.au,40.0,Orig Sync,040 A,,,,,0.136078984,195.953737
11757.350772000002,904.299704,905.259146,track sync: A first two tones,d-14Nov10-a.au,40.0,Track Sync,040 A first two tones,,,,,0.1360804488,195.9558462
11789.567408,936.51634,939.06624,orig040 sync: 1,d-14Nov10-a.au,40.0,Orig Sync,040 1,,,,,0.1364533265,196.4927901
11789.567408,936.51634,947.705245,orig040 note: could you make my voice sound good x4 only,d-14Nov10-a.au,40.0,Orig Note,040: could you make my voice sound good x4 only,Hopeless,David Kristian,,,0.1364533265,196.4927901
11789.618927000001,936.567859,939.117759,"track sync: 1 ""could you make my voice sound good""",d-14Nov10-a.au,40.0,Track Sync,"040 1 ""could you make my voice sound good""",,,,,0.1364539228,196.4936488
11800.398137,947.347069,948.017116,orig040 sync: B pre-skip,d-14Nov10-a.au,40.0,Orig Sync,040 B pre-skip,,,,,0.1365786821,196.6733023
11800.398137,947.347069,948.017116,track sync: B pre-skip,d-14Nov10-a.au,40.0,Track Sync,040 B pre-skip,,,0.9970687626728698,,0.1365786821,196.6733023
11800.727308000001,947.67624,947.67624,note: first beat,d-14Nov10-a.au,40.0,Note,first beat,Hopeless,David Kristian,,,0.136582492,196.6787885
11800.727308000001,947.67624,947.67624,note: sound good start 5 (starts 'voice sound good'),d-14Nov10-a.au,40.0,Note,sound good start 5 (starts 'voice sound good'),Hopeless,David Kristian,,,0.136582492,196.6787885
11801.068166000001,948.017098,948.017098,orig040 note: split to find skip in mix (left),d-14Nov10-a.au,40.0,Orig Note,040: split to find skip in mix (left),Hopeless,David Kristian,,,0.1365864371,196.6844694
11801.068188000001,948.01712,952.267227,note: skip back 4.250s,d-14Nov10-a.au,40.0,Note,skip back 4.250s,Hopeless,David Kristian,,,0.1365864374,196.6844698
11804.81589,951.764822,951.764822,orig040 note: split to find skip in mix (right),d-14Nov10-a.au,40.0,Orig Note,040: split to find skip in mix (right),Hopeless,David Kristian,,,0.1366298135,196.7469315
11804.81589,951.764822,952.018982,orig040 sync: C post-skip,d-14Nov10-a.au,40.0,Orig Sync,040 C post-skip,,,0.9970687626728698,,0.1366298135,196.7469315
11805.318295000001,952.267227,952.521387,track sync: C post-skip,d-14Nov10-a.au,40.0,Track Sync,040 C post-skip,,,0.9970687626728698,,0.1366356284,196.7553049
11827.636962,974.585894,974.585894,orig040 note: whirry sounds start,d-14Nov10-a.au,40.0,Orig Note,040: whirry sounds start,Hopeless,David Kristian,,,0.1368939463,197.1272827
11828.083404,975.032336,975.032336,note: whirry sounds start,d-14Nov10-a.au,40.0,Note,whirry sounds start,Hopeless,David Kristian,,,0.1368991135,197.1347234
11839.266871,986.215803,986.215803,orig040 note: cat whirry noises start,d-14Nov10-a.au,40.0,Orig Note,040: cat whirry noises start,Hopeless,David Kristian,,,0.1370285517,197.3211145
11859.654498,1006.60343,1006.60343,orig040 note: faint new drumline,d-14Nov10-a.au,40.0,Orig Note,040: faint new drumline,Hopeless,David Kristian,,,0.1372645197,197.6609083
11859.834605,1006.783537,1006.783537,note: faint new drumline (old note: first hint of Strength?),d-14Nov10-a.au,40.0,Note,faint new drumline (old note: first hint of Strength?),Hopeless,David Kristian,,,0.1372666042,197.6639101
11885.327757000001,1032.276689,1032.276689,orig040 note: last beat before break,d-14Nov10-a.au,40.0,Orig Note,040: last beat before break,Hopeless,David Kristian,,,0.1375616639,198.088796
11885.577575000001,1032.526507,1032.526507,note: last beat before break,d-14Nov10-a.au,40.0,Note,last beat before break,Hopeless,David Kristian,,,0.1375645553,198.0929596
11894.00445,1040.953382,1040.953382,orig040 note: louder birring beeps,d-14Nov10-a.au,40.0,Orig Note,040: louder birring beeps,Hopeless,David Kristian,,,0.1376620885,198.2334075
11894.332138000002,1041.28107,1041.28107,note: louder birring beeps,d-14Nov10-a.au,40.0,Note,louder birring beeps,Hopeless,David Kristian,,,0.1376658812,198.238869
11908.631266,1055.580198,1055.580198,orig040 note: drum restart,d-14Nov10-a.au,40.0,Orig Note,040: drum restart,Hopeless,David Kristian,,,0.1378313804,198.4771878
11908.833297000001,1055.782229,1055.782229,note: drum restart,d-14Nov10-a.au,40.0,Note,drum restart,Hopeless,David Kristian,,,0.1378337187,198.480555
11918.944497,1065.893429,1067.717514,orig040 sync: D post-skip cymbal hits again,d-14Nov10-a.au,40.0,Orig Sync,040 D post-skip cymbal hits again,,,0.9970687626728698,,0.1379507465,198.649075
11919.092412,1066.041344,1067.865429,track sync: D post-skip cymbal hits again,d-14Nov10-a.au,40.0,Track Sync,040 D post-skip cymbal hits again,,,0.9970687626728698,,0.1379524585,198.6515402
11953.777608,1100.72654,1103.016813,orig040 sync: E post-skip ending,d-14Nov10-a.au,40.0,Orig Sync,040 E post-skip ending,,,0.9970687626728698,,0.1383539075,199.2296268
11953.984871,1100.933803,1103.224076,track sync: E post-skip ending,d-14Nov10-a.au,40.0,Track Sync,040 E post-skip ending,,,0.9970687626728698,,0.1383563064,199.2330812
11964.660907000001,1111.609839,1111.919858,track sync: F post-skip track end,d-14Nov10-a.au,40.0,Track Sync,040 F post-skip track end,,,0.9970687626728698,,0.1384798716,199.4110151
11964.671786,1111.620718,1111.620718,orig041 start: 1,d-14Nov10-a.au,40.0,Orig Start,041: 1,Hopeless,David Kristian,,,0.1384799975,199.4111964
11964.671786,1111.620718,1111.620718,orig041 start: 1,d-14Nov10-a.au,40.0,Orig Start,041: 1,Hopeless,David Kristian,,,0.1384799975,199.4111964
11964.697959000001,1111.646891,1111.95691,orig040 sync: F post-skip track end,d-14Nov10-a.au,40.0,Orig Sync,040 F post-skip track end,,,0.9970687626728698,,0.1384803005,199.4116327
11964.708838,1111.65777,1111.65777,orig041 start: 2,d-14Nov10-a.au,40.0,Orig Start,041: 2,Hopeless,David Kristian,,,0.1384804264,199.411814
11964.732806,1111.681738,1111.681738,orig041 note: signal starts,d-14Nov10-a.au,40.0,Orig Note,041: signal starts,Hopeless,David Kristian,,,0.1384807038,199.4122134
11964.807456,1111.756388,1112.219449,orig041 sync: A start,d-14Nov10-a.au,41.0,Orig Sync,041 A start,,,,,0.1384815678,199.4134576
11964.946979,1111.895911,1111.895911,orig041 start: 040-F,d-14Nov10-a.au,40.0,Orig Start,041: 040-F,Hopeless,David Kristian,,,0.1384831826,199.415783
11964.954371,1111.903303,1111.903303,orig041 start: A,d-14Nov10-a.au,40.0,Orig Start,041: A,Hopeless,David Kristian,,,0.1384832682,199.4159062
11964.970926,1111.919858,1111.919858,start041: ID: The Sonar Circle - Strength,d-14Nov10-a.au,41.0,TrackStart,,Strength,The Sonar Circle,,,0.1384834598,199.4161821
11964.972074000001,1111.921006,1111.921006,note: 041 signal inverted from original (also 040),d-14Nov10-a.au,41.0,Note,041 signal inverted from original (also 040),Strength,The Sonar Circle,,,0.1384834731,199.4162012
11964.984031,1111.932963,1111.932963,orig040 note: start 041 here for continuous mix,d-14Nov10-a.au,41.0,Orig Note,040: start 041 here for continuous mix,Strength,The Sonar Circle,,,0.1384836115,199.4164005
11965.007978000001,1111.95691,1111.95691,orig040 note: end signal drop,d-14Nov10-a.au,41.0,Orig Note,040: end signal drop,Strength,The Sonar Circle,,,0.1384838886,199.4167996
11965.013646000001,1111.962578,1111.962578,orig040 end: F,d-14Nov10-a.au,41.0,Orig End,040: F,Strength,The Sonar Circle,,,0.1384839542,199.4168941
11965.050698000001,1111.99963,1111.99963,orig040 end: F,d-14Nov10-a.au,41.0,Orig End,040: F,Strength,The Sonar Circle,,,0.1384843831,199.4175116
11965.052989,1112.001921,1112.001921,orig040 end: E,d-14Nov10-a.au,41.0,Orig End,040: E,Strength,The Sonar Circle,,,0.1384844096,199.4175498
11965.052989,1112.001921,1112.464982,track sync: A start,d-14Nov10-a.au,41.0,Track Sync,041 A start,,,,,0.1384844096,199.4175498
11965.172694,1112.121626,1112.121626,orig040 end: D,d-14Nov10-a.au,41.0,Orig End,040: D,Strength,The Sonar Circle,,,0.1384857951,199.4195449
11965.51605,1112.464982,1112.464982,orig040 end: C,d-14Nov10-a.au,41.0,Orig End,040: C,Strength,The Sonar Circle,,,0.1384897691,199.4252675
11989.592753,1136.541685,1136.541685,note: ...end of sounds from Hopeless?,d-14Nov10-a.au,41.0,Note,...end of sounds from Hopeless?,Strength,The Sonar Circle,,,0.1387684346,199.8265459
12041.482104,1188.431036,1189.161298,orig041 sync: 1,d-14Nov10-a.au,41.0,Orig Sync,041 1,,,,,0.1393690058,200.6913684
12041.482104,1188.431036,1189.161298,track sync: 1,d-14Nov10-a.au,41.0,Track Sync,041 1,,,,,0.1393690058,200.6913684
12041.482104,1188.431036,1194.565335,"note: ""to attack without knowing the enemy's strength...""",d-14Nov10-a.au,41.0,Note,"""to attack without knowing the enemy's strength...""",Strength,The Sonar Circle,,,0.1393690058,200.6913684
12053.051068,1200.0,1200.0,file end: d-14Nov10-a.au COMPLETE,d-14Nov10-a.au,41.0,File End,d-14Nov10-a.au COMPLETE,Strength,The Sonar Circle,,,0.1395029059,200.8841845
12053.051068,1200.0,1200.0,note d-14Nov10-b: ID041: The Sonar Circle - Strength,d-14Nov10-a.au,41.0,TrackID,,Strength,The Sonar Circle,,,0.1395029059,200.8841845
12053.051068,1200.0,1200.0,note d-14Nov10-b: file start sync: d-14Nov10-b.au MARK verified d187-216b,d-14Nov10-a.au,41.0,Note,note d-14Nov10-b: file start sync: d-14Nov10-b.au MARK verified d187-216b,Strength,The Sonar Circle,,,0.1395029059,200.8841845
12055.339517,1202.288449,1203.206987,orig041 sync: 2 start d-14Nov10-b,d-14Nov10-a.au,41.0,Orig Sync,041 2 start d-14Nov10-b,,,,,0.1395293926,200.9223253
12055.37657,1202.325502,1203.244039,note d-14Nov10-b: track sync: 2 start d-14Nov10-b,d-14Nov10-a.au,41.0,Track Sync,041 2 start d-14Nov10-b,,,,,0.1395298214,200.9229428
12295.042398000001,1441.99133,1441.99133,note d-14Nov10-b: orig041 end: 1,d-14Nov10-a.au,41.0,Orig End,041: 1,Strength,The Sonar Circle,,,0.1423037315,204.9173733
12295.042398000001,1441.99133,1441.99133,orig041 end: 1,d-14Nov10-a.au,41.0,Orig End,041: 1,Strength,The Sonar Circle,,,0.1423037315,204.9173733
12295.042398000001,1441.99133,1441.99133,orig041 end: 1,d-14Nov10-a.au,41.0,Orig End,041: 1,Strength,The Sonar Circle,,,0.1423037315,204.9173733
12295.079451000001,1442.028383,1442.028383,note d-14Nov10-b: orig041 end: 2,d-14Nov10-a.au,41.0,Orig End,041: 2,Strength,The Sonar Circle,,,0.1423041603,204.9179909
12295.079451000001,1442.028383,1442.028383,orig041 end: 2,d-14Nov10-a.au,41.0,Orig End,041: 2,Strength,The Sonar Circle,,,0.1423041603,204.9179909
13253.051068,2400.0,2400.0,note d-14Nov10-b: file end: d-14Nov10-b,d-14Nov10-a.au,41.0,Note,note d-14Nov10-b: file end: d-14Nov10-b,Strength,The Sonar Circle,,,0.1533917948,220.8841845
11748.827068,895.776,895.776,file start sync: dnb-14Nov02-a.au 10853.051068 verified d-14Nov02-a d-14Nov10-b,dnb-14Nov02-a.au,,File Start Sync,dnb-14Nov02-a.au 10853.051068 verified d-14Nov02-a d-14Nov10-b,,The Sonar Circle,,,0.1359817948,195.8137845
11748.827068,895.776,1200.0,file note: in sync with d-14Nov10-a over this range,dnb-14Nov02-a.au,,File Note,in sync with d-14Nov10-a over this range,,The Sonar Circle,,,0.1359817948,195.8137845
12053.051068,1200.0,2095.776,file note: in sync with d-14Nov10-b over this range,dnb-14Nov02-a.au,,File Note,in sync with d-14Nov10-b over this range,,The Sonar Circle,,,0.1395029059,200.8841845
12948.827068,2095.776,2095.776,file end: d-14Nov02-a.au COMPLETE,dnb-14Nov02-a.au,,File End,d-14Nov02-a.au COMPLETE,,The Sonar Circle,,,0.1498706837,215.8137845
11177.659068,324.608,324.608,file start sync: d187-216b.wav 10853.051068 verified d187-200,d187-216b.wav,,File Start Sync,d187-216b.wav 10853.051068 verified d187-200,,The Sonar Circle,,,0.129371054,186.2943178
11177.659068,324.608,1200.0,file note: in sync with d-14Nov10-a over this range,d187-216b.wav,,File Note,in sync with d-14Nov10-a over this range,,The Sonar Circle,,,0.129371054,186.2943178
12053.051068,1200.0,1200.0,note: file end d-14Nov10-a,d187-216b.wav,,Note,file end d-14Nov10-a,,The Sonar Circle,,,0.1395029059,200.8841845
12053.051068,1200.0,1553.087938,file note: in sync with d-14Nov10-b over this range,d187-216b.wav,,File Note,in sync with d-14Nov10-b over this range,,The Sonar Circle,,,0.1395029059,200.8841845
12406.139006000001,1553.087938,1553.087938,file note: SKIP,d187-216b.wav,,File Note,SKIP,,The Sonar Circle,,,0.1435895718,206.7689834
12406.139006000001,1553.087938,2124.384,file note: skip length 9:31.296,d187-216b.wav,,File Note,skip length 9:31.296,,The Sonar Circle,,,0.1435895718,206.7689834
12977.435068,2124.384,2124.384,file note: skip resume here,d187-216b.wav,,File Note,skip resume here,,The Sonar Circle,,,0.1502017948,216.2905845
12977.435068,2124.384,2164.449,file note: in sync with d-14Nov10-b over this range,d187-216b.wav,,File Note,in sync with d-14Nov10-b over this range,,The Sonar Circle,,,0.1502017948,216.2905845
13017.500068000001,2164.449,2164.449,file end: d187-216b.wav COMPLETE,d187-216b.wav,,File End,d187-216b.wav COMPLETE,,The Sonar Circle,,,0.15066551,216.9583345
12053.051068,0.0,0.0,file start sync: d-14Nov10-b.au 12053.051068 verified d187-216b,d-14Nov10-b.au,,File Start Sync,d-14Nov10-b.au 12053.051068 verified d187-216b,,,,,0.1395029059,200.8841845
12053.051068,0.0,240.890291,ID041: The Sonar Circle - Strength,d-14Nov10-b.au,41.0,TrackID,,Strength,The Sonar Circle,,,0.1395029059,200.8841845
12054.278479,1.227411,2.145949,orig041 sync: 2 start d-14Nov10-b,d-14Nov10-b.au,41.0,Orig Sync,041 2 start d-14Nov10-b,,,,,0.139517112,200.9046413
12055.374578,2.32351,3.242047,track sync: 2 start d-14Nov10-b,d-14Nov10-b.au,41.0,Track Sync,041 2 start d-14Nov10-b,,,,,0.1395297984,200.9229096
12069.472544,16.421476,17.914387,orig041 sync: 3,d-14Nov10-b.au,41.0,Orig Sync,041 3,,,,,0.1396929693,201.1578757
12070.517673,17.466605,18.959516,track sync: 3,d-14Nov10-b.au,41.0,Track Sync,041 3,,,,,0.1397050657,201.1752946
12125.544434000001,72.493366,74.293862,orig041 sync: 4,d-14Nov10-b.au,41.0,Orig Sync,041 4,,,,,0.1403419495,202.0924072
12126.088656,73.037588,74.838083,track sync: 4,d-14Nov10-b.au,41.0,Track Sync,041 4,,,,,0.1403482483,202.1014776
12139.486118,86.43505,86.43505,note: return of synth (had been just drums),d-14Nov10-b.au,41.0,Note,return of synth (had been just drums),Strength,The Sonar Circle,,,0.1405033116,202.3247686
12183.152828,130.10176,134.730468,orig041 sync: 5,d-14Nov10-b.au,41.0,Orig Sync,041 5,,,,,0.1410087133,203.0525471
12183.474986000001,130.423918,135.052626,track sync: 5,d-14Nov10-b.au,41.0,Track Sync,041 5,,,,,0.141012442,203.0579164
12230.001391,176.950323,176.950323,note: bass gets deeper,d-14Nov10-b.au,41.0,Note,bass gets deeper,Strength,The Sonar Circle,,,0.141550942,203.8333565
12265.431881,212.380813,214.360562,orig041 sync: 6,d-14Nov10-b.au,41.0,Orig Sync,041 6,,,,,0.1419610171,204.4238647
12265.507573,212.456505,214.436254,track sync: 6,d-14Nov10-b.au,41.0,Track Sync,041 6,,,,,0.1419618932,204.4251262
12265.885738,212.83467,212.83467,note: transition,d-14Nov10-b.au,41.0,Note,transition,Strength,The Sonar Circle,,,0.1419662701,204.431429
12276.728205000001,223.677137,223.677137,note: end of drums,d-14Nov10-b.au,41.0,Note,end of drums,Strength,The Sonar Circle,,,0.1420917616,204.6121368
12288.414101,235.363033,238.820622,orig041 sync: B end,d-14Nov10-b.au,41.0,Orig Sync,041 B end,,,,,0.1422270151,204.8069017
12288.414101,235.363033,238.820622,track sync: B end,d-14Nov10-b.au,41.0,Track Sync,041 B end,,,1.0002801630096796,,0.1422270151,204.8069017
12292.597697000001,239.546629,239.546629,orig042 start: .,d-14Nov10-b.au,41.0,Orig Start,042: .,Strength,The Sonar Circle,,,0.1422754363,204.8766283
12292.621643,239.570575,239.570575,"orig042 note: first signal, sync point for 041",d-14Nov10-b.au,41.0,Orig Note,"042: first signal, sync point for 041",Strength,The Sonar Circle,,,0.1422757135,204.8770274
12293.141995,240.090927,240.090927,orig042 start: 2,d-14Nov10-b.au,41.0,Orig Start,042: 2,Strength,The Sonar Circle,,,0.1422817361,204.8856999
12293.838230000001,240.787162,240.787162,orig042 start: A,d-14Nov10-b.au,41.0,Orig Start,042: A,Strength,The Sonar Circle,,,0.1422897943,204.8973038
12293.917414000001,240.866346,240.866346,orig041 note: file start 042,d-14Nov10-b.au,41.0,Orig Note,041: file start 042,Strength,The Sonar Circle,,,0.1422907108,204.8986236
12293.941359,240.890291,240.890291,"orig041 note: last signal, sync point with 042",d-14Nov10-b.au,41.0,Orig Note,"041: last signal, sync point with 042",Strength,The Sonar Circle,,,0.142290988,204.8990227
12293.941359,240.890291,660.197242,start042: ID: Justin Tewn & Hunter A.D. - Science of Industry,d-14Nov10-b.au,42.0,TrackStart,,Science of Industry,Justin Tewn & Hunter A.D.,,,0.142290988,204.8990227
12293.981360000002,240.930292,240.930292,orig041 end: B,d-14Nov10-b.au,42.0,Orig End,041: B,Science of Industry,Justin Tewn & Hunter A.D.,,,0.1422914509,204.8996893
12293.981360000002,240.930292,240.930292,orig041 end: B,d-14Nov10-b.au,42.0,Orig End,041: B,Science of Industry,Justin Tewn & Hunter A.D.,,,0.1422914509,204.8996893
12294.057051,241.005983,241.005983,orig041 end: 6 (5-6 1m55),d-14Nov10-b.au,42.0,Orig End,041: 6 (5-6 1m55),Science of Industry,Justin Tewn & Hunter A.D.,,,0.142292327,204.9009509
12294.303518,241.25245,241.25245,orig041 end: 5 (4-5 57s),d-14Nov10-b.au,42.0,Orig End,041: 5 (4-5 57s),Science of Industry,Justin Tewn & Hunter A.D.,,,0.1422951796,204.9050586
12294.525581,241.474513,241.474513,orig041 end: 4 (3-4 55s -- maybe skip in there?),d-14Nov10-b.au,42.0,Orig End,041: 4 (3-4 55s -- maybe skip in there?),Science of Industry,Justin Tewn & Hunter A.D.,,,0.1422977498,204.9087597
12295.026488000001,241.97542,241.97542,orig041 end: 3 (2-3 15s),d-14Nov10-b.au,42.0,Orig End,041: 3 (2-3 15s),Science of Industry,Justin Tewn & Hunter A.D.,,,0.1423035473,204.9171081
12295.040406,241.989338,241.989338,orig041 end: 1,d-14Nov10-b.au,42.0,Orig End,041: 1,Science of Industry,Justin Tewn & Hunter A.D.,,,0.1423037084,204.9173401
12295.077459,242.026391,242.026391,orig041 end: 2,d-14Nov10-b.au,42.0,Orig End,041: 2,Science of Industry,Justin Tewn & Hunter A.D.,,,0.1423041373,204.9179577
12303.468775000001,250.417707,253.2576,orig042 sync: A,d-14Nov10-b.au,42.0,Orig Sync,042 A,,,,,0.142401259,205.0578129
12304.709308000001,251.65824,254.498133,track sync: A,d-14Nov10-b.au,42.0,Track Sync,042 A,,,,,0.142415617,205.0784885
12334.397538000001,281.34647,281.34647,note: restart of drums,d-14Nov10-b.au,42.0,Note,restart of drums,Science of Industry,Justin Tewn & Hunter A.D.,,,0.1427592308,205.5732923
12358.806649,305.755581,321.24482,note: wub-wub returns,d-14Nov10-b.au,42.0,Note,wub-wub returns,Science of Industry,Justin Tewn & Hunter A.D.,,,0.1430417436,205.9801108
12379.805038,326.75397,326.75402,"note: ""attack""",d-14Nov10-b.au,42.0,Note,"""attack""",Science of Industry,Justin Tewn & Hunter A.D.,,,0.1432847805,206.330084
12386.089853000001,333.038785,339.145687,"note: ""to attack...""",d-14Nov10-b.au,42.0,Note,"""to attack...""",Science of Industry,Justin Tewn & Hunter A.D.,,,0.1433575214,206.4348309
12423.559234,370.508166,372.605318,orig042 sync: 1,d-14Nov10-b.au,42.0,Orig Sync,042 1,,,,,0.1437911948,207.0593206
12424.449041,371.397973,373.495125,track sync: 1,d-14Nov10-b.au,42.0,Track Sync,042 1,,,,,0.1438014935,207.0741507
12426.99352,373.942452,396.376314,note: another drum break,d-14Nov10-b.au,42.0,Note,another drum break,Science of Industry,Justin Tewn & Hunter A.D.,,,0.1438309435,207.1165587
12539.242643000001,486.191575,488.878551,orig042 sync: 2,d-14Nov10-b.au,42.0,Orig Sync,042 2,,,,,0.1451301232,208.9873774
12539.78694,486.735872,489.422848,track sync: 2,d-14Nov10-b.au,42.0,Track Sync,042 2,,,,,0.1451364229,208.996449
12541.134660000002,488.083592,488.083592,note: transition,d-14Nov10-b.au,42.0,Note,transition,Science of Industry,Justin Tewn & Hunter A.D.,,,0.1451520215,209.018911
12659.635208000002,606.58414,607.709175,orig042 sync: 3,d-14Nov10-b.au,42.0,Orig Sync,042 3,,,,,0.1465235556,210.9939201
12659.794279000002,606.743211,607.868245,track sync: 3,d-14Nov10-b.au,42.0,Track Sync,042 3,,,,,0.1465253967,210.9965713
12678.560887000001,625.509819,632.123993,note: ..transition,d-14Nov10-b.au,42.0,Note,..transition,Science of Industry,Justin Tewn & Hunter A.D.,,,0.1467426029,211.3093481
12700.529838,647.47877,647.47877,note: breakpoint,d-14Nov10-b.au,42.0,Note,breakpoint,Science of Industry,Justin Tewn & Hunter A.D.,,,0.1469968731,211.6754973
12709.983932000001,656.932864,658.388309,orig042 sync: B,d-14Nov10-b.au,42.0,Orig Sync,042 B,,,,,0.1471062955,211.8330655
12709.983932000001,656.932864,658.388309,track sync: B,d-14Nov10-b.au,42.0,Track Sync,042 B,,,0.9969483720873906,,0.1471062955,211.8330655
12712.263717000002,659.212649,659.212649,orig043 start: B,d-14Nov10-b.au,42.0,Orig Start,043: B,Science of Industry,Justin Tewn & Hunter A.D.,,,0.1471326819,211.871062
12712.263717000002,659.212649,659.212649,orig043 start: B,d-14Nov10-b.au,42.0,Orig Start,043: B,Science of Industry,Justin Tewn & Hunter A.D.,,,0.1471326819,211.871062
12712.287662,659.236594,659.236594,orig043 note: sync with 042,d-14Nov10-b.au,42.0,Orig Note,043: sync with 042,Science of Industry,Justin Tewn & Hunter A.D.,,,0.1471329591,211.871461
12712.305809000001,659.254741,659.749674,orig043 sync: A,d-14Nov10-b.au,43.0,Orig Sync,043 A,,,,,0.1471331691,211.8717635
12713.215226,660.164158,660.164158,orig043 start: A,d-14Nov10-b.au,42.0,Orig Start,043: A,Science of Industry,Justin Tewn & Hunter A.D.,,,0.1471436947,211.8869204
12713.224365,660.173297,660.173297,orig042 note: file start 043 for sync with B,d-14Nov10-b.au,42.0,Orig Note,042: file start 043 for sync with B,Science of Industry,Justin Tewn & Hunter A.D.,,,0.1471438005,211.8870728
12713.224365,660.173297,660.173297,orig043 start: align042-B,d-14Nov10-b.au,42.0,Orig Start,043: align042-B,Science of Industry,Justin Tewn & Hunter A.D.,,,0.1471438005,211.8870728
12713.24831,660.197242,660.197242,orig042 note: last signal - sync with 043,d-14Nov10-b.au,42.0,Orig Note,042: last signal - sync with 043,Science of Industry,Justin Tewn & Hunter A.D.,,,0.1471440777,211.8874718
12713.24831,660.197242,964.409927,start043: ID: Dave Wallace - Waves (Kid Loops remix),d-14Nov10-b.au,43.0,TrackStart,,Waves (Kid Loops remix),Dave Wallace,,,0.1471440777,211.8874718
12713.257319,660.206251,660.701184,track sync: A,d-14Nov10-b.au,43.0,Track Sync,043 A,,,,,0.1471441819,211.887622
12713.299738000002,660.24867,660.24867,orig042 end: B,d-14Nov10-b.au,43.0,Orig End,042: B,Waves (Kid Loops remix),Dave Wallace,,,0.1471446729,211.888329
12713.458808000001,660.40774,660.40774,orig042 end: 3,d-14Nov10-b.au,43.0,Orig End,042: 3,Waves (Kid Loops remix),Dave Wallace,,,0.147146514,211.8909801
12770.309217,717.258149,717.25835,note: flute/trumpet start,d-14Nov10-b.au,43.0,Note,flute/trumpet start,Waves (Kid Loops remix),Dave Wallace,,,0.1478045048,212.838487
12788.048333,734.997265,740.750756,"note: ""all that we see or seem, is but a dream, within a dream...""",d-14Nov10-b.au,43.0,Note,"""all that we see or seem, is but a dream, within a dream...""",Waves (Kid Loops remix),Dave Wallace,,,0.1480098187,213.1341389
12820.176828000001,767.12576,771.090688,orig043 sync: 1,d-14Nov10-b.au,43.0,Orig Sync,043 1,,,,,0.1483816763,213.6696138
12820.783463,767.732395,771.697323,track sync: 1,d-14Nov10-b.au,43.0,Track Sync,043 1,,,,,0.1483886975,213.6797244
12833.064030000001,780.012962,780.908777,"note: ""but in the process""",d-14Nov10-b.au,43.0,Note,"""but in the process""",Waves (Kid Loops remix),Dave Wallace,,,0.1485308337,213.8844005
12842.559507,789.508439,791.929532,"note: ""but in the process, they've been the true renegades""",d-14Nov10-b.au,43.0,Note,"""but in the process, they've been the true renegades""",Waves (Kid Loops remix),Dave Wallace,,,0.148640735,214.0426585
12879.891071,826.840003,830.102425,"note: ""all that we see or seem, is but a dream""",d-14Nov10-b.au,43.0,Note,"""all that we see or seem, is but a dream""",Waves (Kid Loops remix),Dave Wallace,,,0.1490728133,214.6648512
12902.842897,849.791829,856.59761,"note: ""all that we see or seem, is but a dream, within a dream...""",d-14Nov10-b.au,43.0,Note,"""all that we see or seem, is but a dream, within a dream...""",Waves (Kid Loops remix),Dave Wallace,,,0.1493384595,215.0473816
12933.437797,880.386729,887.901523,orig043 sync: 2,d-14Nov10-b.au,43.0,Orig Sync,043 2,,,,,0.1496925671,215.5572966
12933.680145,880.629077,888.143872,track sync: 2,d-14Nov10-b.au,43.0,Track Sync,043 2,,,,,0.149695372,215.5613358
12936.006673,882.955605,883.458048,note: sync wave,d-14Nov10-b.au,43.0,Note,sync wave,Waves (Kid Loops remix),Dave Wallace,,,0.1497222995,215.6001112
12937.279022,884.227954,884.227954,"note: transition (drum comes back, beat changes)",d-14Nov10-b.au,43.0,Note,"transition (drum comes back, beat changes)",Waves (Kid Loops remix),Dave Wallace,,,0.1497370257,215.621317
12948.766373,895.715305,895.715305,"note: more ""but in the process""",d-14Nov10-b.au,43.0,Note,"more ""but in the process""",Waves (Kid Loops remix),Dave Wallace,,,0.1498699812,215.8127729
12948.825206000001,895.774138,895.774138,note: file start dnb-14Nov02-b,d-14Nov10-b.au,43.0,Note,file start dnb-14Nov02-b,Waves (Kid Loops remix),Dave Wallace,,,0.1498706621,215.8137534
12972.255877000001,919.204809,919.204809,note: start wind-down / transition,d-14Nov10-b.au,43.0,Note,start wind-down / transition,Waves (Kid Loops remix),Dave Wallace,,,0.1501418504,216.2042646
13014.952295000001,961.901227,962.809173,orig043 sync: B,d-14Nov10-b.au,43.0,Orig Sync,043 B,,,,,0.1506360219,216.9158716
13014.952295000001,961.901227,962.809173,track sync: B,d-14Nov10-b.au,43.0,Track Sync,043 B,,,0.9968560348657081,,0.1506360219,216.9158716
13016.671909,963.620841,963.620841,orig044 start: .,d-14Nov10-b.au,43.0,Orig Start,044: .,Waves (Kid Loops remix),Dave Wallace,,,0.1506559249,216.9445318
13016.695854000001,963.644786,963.644786,orig044 note: sync with 043,d-14Nov10-b.au,43.0,Orig Note,044: sync with 043,Waves (Kid Loops remix),Dave Wallace,,,0.150656202,216.9449309
13017.107073000001,964.056005,964.056005,orig044 start: 1,d-14Nov10-b.au,43.0,Orig Start,044: 1,Waves (Kid Loops remix),Dave Wallace,,,0.1506609615,216.9517846
13017.410519000001,964.359451,964.359451,orig044 start: A,d-14Nov10-b.au,43.0,Orig Start,044: A,Waves (Kid Loops remix),Dave Wallace,,,0.1506644736,216.956842
13017.43705,964.385982,964.385982,orig043 note: start sync 044,d-14Nov10-b.au,43.0,Orig Note,043: start sync 044,Waves (Kid Loops remix),Dave Wallace,,,0.1506647807,216.9572842
13017.43705,964.385982,964.385982,orig044 start: 043-sync-B,d-14Nov10-b.au,43.0,Orig Start,044: 043-sync-B,Waves (Kid Loops remix),Dave Wallace,,,0.1506647807,216.9572842
13017.460995000001,964.409927,964.409927,orig043 note: last signal - 044 sync,d-14Nov10-b.au,43.0,Orig Note,043: last signal - 044 sync,Waves (Kid Loops remix),Dave Wallace,,,0.1506650578,216.9576833
13017.460995000001,964.409927,1440.967902,start044: ID: E-Z Rollers - Retro,d-14Nov10-b.au,44.0,TrackStart,,Retro,E-Z Rollers,,,0.1506650578,216.9576833
13017.497076000001,964.446008,964.446008,note: file start d217-242,d-14Nov10-b.au,44.0,Note,file start d217-242,Retro,E-Z Rollers,,,0.1506654754,216.9582846
13017.499068000001,964.448,964.448,note d217-242: file start sync: d217-242.wav 12053.051068 verified d-14Nov10-b,d-14Nov10-b.au,44.0,Note,note d217-242: file start sync: d217-242.wav 12053.051068 verified d-14Nov10-b,Retro,E-Z Rollers,,,0.1506654985,216.9583178
13017.499068000001,964.448,1200.0,note d217-242: file note: in sync with d-14Nov10-b over this range,d-14Nov10-b.au,44.0,Note,note d217-242: file note: in sync with d-14Nov10-b over this range,Retro,E-Z Rollers,,,0.1506654985,216.9583178
13017.504533000001,964.453465,964.453465,orig043 end: B,d-14Nov10-b.au,44.0,Orig End,043: B,Retro,E-Z Rollers,,,0.1506655617,216.9584089
13017.504533000001,964.453465,964.453465,orig043 end: B,d-14Nov10-b.au,44.0,Orig End,043: B,Retro,E-Z Rollers,,,0.1506655617,216.9584089
13017.746882000001,964.695814,964.695814,orig043 end: 2,d-14Nov10-b.au,44.0,Orig End,043: 2,Retro,E-Z Rollers,,,0.1506683667,216.962448
13018.111167000001,965.060099,965.060099,orig043 end: 1,d-14Nov10-b.au,44.0,Orig End,043: 1,Retro,E-Z Rollers,,,0.150672583,216.9685195
13018.456043,965.404975,965.404975,orig043 end: A,d-14Nov10-b.au,44.0,Orig End,043: A,Retro,E-Z Rollers,,,0.1506765746,216.9742674
13021.335945,968.284877,969.42493,orig044 sync: A,d-14Nov10-b.au,44.0,Orig Sync,044 A,,,,,0.1507099068,217.0222658
13022.074556000001,969.023488,970.163541,track sync: A,d-14Nov10-b.au,44.0,Track Sync,044 A,,,,,0.1507184555,217.0345759
13085.145186000002,1032.094118,1062.513534,"note: ""sad, in the 20th century...""",d-14Nov10-b.au,44.0,Note,"""sad, in the 20th century...""",Retro,E-Z Rollers,,,0.1514484397,218.0857531
13118.375989,1065.324921,1066.42538,orig044 sync: 1,d-14Nov10-b.au,44.0,Orig Sync,044 1,,,,,0.1518330554,218.6395998
13118.811153,1065.760085,1066.860544,track sync: 1,d-14Nov10-b.au,44.0,Track Sync,044 1,,,,,0.151838092,218.6468526
13211.054315000001,1158.003247,1158.003247,note: bassline change,d-14Nov10-b.au,44.0,Note,bassline change,Retro,E-Z Rollers,,,0.1529057212,220.1842386
13253.049076000001,1199.998008,1199.998008,file end: d-14Nov10-b.au COMPLETE,d-14Nov10-b.au,44.0,File End,d-14Nov10-b.au COMPLETE,Retro,E-Z Rollers,,,0.1533917717,220.8841513
13253.051068,1200.0,1200.0,note d-14Nov10-c: file start sync: d-14Nov10-c.au 12053.051068 verified by dnb-14Nov02-b d217-242,d-14Nov10-b.au,44.0,Note,note d-14Nov10-c: file start sync: d-14Nov10-c.au 12053.051068 verified by dnb-14Nov02-b d217-242,Retro,E-Z Rollers,,,0.1533917948,220.8841845
13253.051068,1200.0,1435.767192,note d-14Nov10-c: ID044: E-Z Rollers - Retro,d-14Nov10-b.au,44.0,TrackID,,Retro,E-Z Rollers,,,0.1533917948,220.8841845
13253.051068,1200.0,2400.0,note d217-242: file note: in sync with d-14Nov10-c over this range,d-14Nov10-b.au,44.0,Note,note d217-242: file note: in sync with d-14Nov10-c over this range,Retro,E-Z Rollers,,,0.1533917948,220.8841845
13256.861076000001,1203.810008,1203.909856,orig044 sync: 2,d-14Nov10-b.au,44.0,Orig Sync,044 2,,,,,0.1534358921,220.9476846
13256.862277,1203.811209,1203.911058,track sync: 2,d-14Nov10-b.au,44.0,Track Sync,044 2,,,,,0.153435906,220.9477046
13256.912470000001,1203.861402,1203.861402,note d-14Nov10-c: note: bassline change/restart,d-14Nov10-b.au,44.0,Note,note d-14Nov10-c: note: bassline change/restart,Retro,E-Z Rollers,,,0.1534364869,220.9485412
13486.692453,1433.641385,1433.641385,orig044 end: 2,d-14Nov10-b.au,44.0,Orig End,044: 2,Retro,E-Z Rollers,,,0.1560959775,224.7782076
13486.693133,1433.642065,1433.642065,orig044 end: 2,d-14Nov10-b.au,44.0,Orig End,044: 2,Retro,E-Z Rollers,,,0.1560959853,224.7782189
14453.051068,2400.0,2400.0,note d-14Nov10-c: file end: d-14Nov10-c.au,d-14Nov10-b.au,44.0,Note,note d-14Nov10-c: file end: d-14Nov10-c.au,Retro,E-Z Rollers,,,0.1672806837,240.8841845
14453.051068,2400.0,2503.904,note d217-242: NOTE - NEED SYNC CHECK HERE,d-14Nov10-b.au,44.0,Note,note d217-242: NOTE - NEED SYNC CHECK HERE,Retro,E-Z Rollers,,,0.1672806837,240.8841845
14556.955068000001,2503.904,2503.904,note d217-242: file end: d217-242.wav ends after d-14Nov10-c NOTFINISHED,d-14Nov10-b.au,44.0,Note,note d217-242: file end: d217-242.wav ends after d-14Nov10-c NOTFINISHED,Retro,E-Z Rollers,,,0.1684832763,242.6159178
12948.827068,895.776,895.776,file start sync: dnb-14Nov02-b.au 12053.051068 verified d-14Nov10-b,dnb-14Nov02-b.au,,File Start Sync,dnb-14Nov02-b.au 12053.051068 verified d-14Nov10-b,,E-Z Rollers,,,0.1498706837,215.8137845
12948.827068,895.776,1200.0,file note: in sync with d-14Nov10-b over this range,dnb-14Nov02-b.au,,File Note,in sync with d-14Nov10-b over this range,,E-Z Rollers,,,0.1498706837,215.8137845
13253.051068,1200.0,2095.776,file note: in sync with d-14Nov10-c over this range,dnb-14Nov02-b.au,,File Note,in sync with d-14Nov10-c over this range,,E-Z Rollers,,,0.1533917948,220.8841845
14148.827068,2095.776,2095.776,file end: dnb-14Nov02-b.au COMPLETE,dnb-14Nov02-b.au,,File End,dnb-14Nov02-b.au COMPLETE,,E-Z Rollers,,,0.1637595725,235.8137845
13253.051068,0.0,0.0,file start sync: d-14Nov10-c.au 13253.051068 verified by dnb-14Nov02-b d217-242,d-14Nov10-c.au,,File Start Sync,d-14Nov10-c.au 13253.051068 verified by dnb-14Nov02-b d217-242,,,,,0.1533917948,220.8841845
13253.051068,0.0,232.871036,ID044: E-Z Rollers - Retro,d-14Nov10-c.au,44.0,TrackID,,Retro,E-Z Rollers,,,0.1533917948,220.8841845
13255.626434,2.575366,3.675447,orig044 sync: 2,d-14Nov10-c.au,44.0,Orig Sync,044 2,,,,,0.1534216022,220.9271072
13256.347948,3.29688,4.396961,track sync: 2,d-14Nov10-c.au,44.0,Track Sync,044 2,,,,,0.1534299531,220.9391325
13256.898147,3.847079,3.847079,note: bassline change/restart,d-14Nov10-c.au,44.0,Note,bassline change/restart,Retro,E-Z Rollers,,,0.1534363211,220.9483025
13331.687456000001,78.636388,82.986278,"note: ""some of these guys...""",d-14Nov10-c.au,44.0,Note,"""some of these guys...""",Retro,E-Z Rollers,,,0.1543019381,222.1947909
13345.795207000001,92.744139,96.271077,"note: ""and the true rebels""",d-14Nov10-c.au,44.0,Note,"""and the true rebels""",Retro,E-Z Rollers,,,0.1544652223,222.4299201
13348.849109,95.798041,96.798041,orig044 sync: 3,d-14Nov10-c.au,44.0,Orig Sync,044 3,,,,,0.1545005684,222.4808185
13349.2767,96.225632,97.225632,track sync: 3,d-14Nov10-c.au,44.0,Track Sync,044 3,,,,,0.1545055174,222.487945
13483.487583,230.436515,231.536515,orig044 sync: B end,d-14Nov10-c.au,44.0,Orig Sync,044 B end,,,,,0.1560588841,224.7247931
13483.487646000001,230.436578,231.536578,track sync: B end,d-14Nov10-c.au,44.0,Track Sync,044 B end,,,1.0010009482138011,,0.1560588848,224.7247941
13484.957452,231.906384,231.906384,orig045 start: .,d-14Nov10-c.au,44.0,Orig Start,045: .,Retro,E-Z Rollers,,,0.1560758964,224.7492909
13484.981397000001,231.930329,231.930329,orig045 note: sync 044,d-14Nov10-c.au,44.0,Orig Note,045: sync 044,Retro,E-Z Rollers,,,0.1560761736,224.74969
13485.498718,232.44765,232.64765,orig045 sync: A start,d-14Nov10-c.au,45.0,Orig Sync,045 A start,,,,,0.1560821611,224.758312
13485.673688,232.62262,232.62262,orig045 start: 1,d-14Nov10-c.au,44.0,Orig Start,045: 1,Retro,E-Z Rollers,,,0.1560841862,224.7612281
13485.894434,232.843366,232.843366,orig045 start: A,d-14Nov10-c.au,44.0,Orig Start,045: A,Retro,E-Z Rollers,,,0.1560867411,224.7649072
13485.898136,232.847068,232.847068,orig044 note: file start 045 for continuous mix ?,d-14Nov10-c.au,44.0,Orig Note,044: file start 045 for continuous mix ?,Retro,E-Z Rollers,,,0.156086784,224.7649689
13485.898136,232.847068,232.847068,orig045 start: 044-sync-B,d-14Nov10-c.au,44.0,Orig Start,045: 044-sync-B,Retro,E-Z Rollers,,,0.156086784,224.7649689
13485.922081,232.871013,232.871013,orig044 note: last signal - sync 045,d-14Nov10-c.au,44.0,Orig Note,044: last signal - sync 045,Retro,E-Z Rollers,,,0.1560870611,224.765368
13485.922104000001,232.871036,531.770352,start045: ID: Dr S Gachet - It's All Gone Sideways,d-14Nov10-c.au,45.0,TrackStart,,It's All Gone Sideways,Dr S Gachet,,,0.1560870614,224.7653684
13485.95936,232.908292,232.908292,orig044 end: .,d-14Nov10-c.au,45.0,Orig End,044: .,It's All Gone Sideways,Dr S Gachet,,,0.1560874926,224.7659893
13485.95936,232.908292,232.908292,orig044 end: B,d-14Nov10-c.au,45.0,Orig End,044: B,It's All Gone Sideways,Dr S Gachet,,,0.1560874926,224.7659893
13486.386951,233.335883,233.335883,orig044 end: 3,d-14Nov10-c.au,45.0,Orig End,044: 3,It's All Gone Sideways,Dr S Gachet,,,0.1560924416,224.7731159
13486.4357,233.384632,233.584632,track sync: A start,d-14Nov10-c.au,45.0,Track Sync,045 A start,,,,,0.1560930058,224.7739283
13486.680874000001,233.629806,233.629806,orig044 end: 2,d-14Nov10-c.au,45.0,Orig End,044: 2,It's All Gone Sideways,Dr S Gachet,,,0.1560958434,224.7780146
13531.977542,278.926474,280.217446,note: beat/tune transition,d-14Nov10-c.au,45.0,Note,beat/tune transition,It's All Gone Sideways,Dr S Gachet,,,0.1566201104,225.532959
13554.668464,301.617396,302.517396,orig045 sync: 1,d-14Nov10-c.au,45.0,Orig Sync,045 1,,,,,0.1568827369,225.9111411
13555.3847,302.333632,303.233632,track sync: 1,d-14Nov10-c.au,45.0,Track Sync,045 1,,,,,0.1568910266,225.9230783
13598.732949000001,345.681881,346.402861,orig045 sync: 2,d-14Nov10-c.au,45.0,Orig Sync,045 2,,,,,0.1573927425,226.6455492
13599.317190000002,346.266122,346.987101,track sync: 2,d-14Nov10-c.au,45.0,Track Sync,045 2,,,,,0.1573995045,226.6552865
13600.782405,347.731337,347.731337,"note: bassline stops, quiet moment",d-14Nov10-c.au,45.0,Note,"bassline stops, quiet moment",It's All Gone Sideways,Dr S Gachet,,,0.157416463,226.6797068
13624.06124,371.010172,371.010172,note: deep spooky bass starts,d-14Nov10-c.au,45.0,Note,deep spooky bass starts,It's All Gone Sideways,Dr S Gachet,,,0.157685894,227.0676873
13659.605745,406.554677,406.554677,note: d228-247 post-skip starts here,d-14Nov10-c.au,45.0,Note,d228-247 post-skip starts here,It's All Gone Sideways,Dr S Gachet,,,0.1580972887,227.6600958
13733.01734,479.966272,499.686923,note: ~scrapy drum of Beckoning,d-14Nov10-c.au,45.0,Note,~scrapy drum of Beckoning,It's All Gone Sideways,Dr S Gachet,,,0.15894696,228.8836223
13744.933478,491.88241,491.88241,note: ..sighs from Beckoning start,d-14Nov10-c.au,45.0,Note,..sighs from Beckoning start,It's All Gone Sideways,Dr S Gachet,,,0.1590848782,229.0822246
13767.996858,514.94579,520.477747,note: ~horn transition,d-14Nov10-c.au,45.0,Note,~horn transition,It's All Gone Sideways,Dr S Gachet,,,0.1593518155,229.4666143
13782.5917,529.540632,530.440632,orig045 sync: B,d-14Nov10-c.au,45.0,Orig Sync,045 B,,,,,0.1595207373,229.7098617
13782.5917,529.540632,530.440632,track sync: B,d-14Nov10-c.au,45.0,Track Sync,045 B,,,0.9968461658242739,,0.1595207373,229.7098617
13783.454240000001,530.403172,530.403172,orig046 start: .,d-14Nov10-c.au,45.0,Orig Start,046: .,It's All Gone Sideways,Dr S Gachet,,,0.1595307204,229.7242373
13783.478185,530.427117,530.427117,orig046 note: sync 045,d-14Nov10-c.au,45.0,Orig Note,046: sync 045,It's All Gone Sideways,Dr S Gachet,,,0.1595309975,229.7246364
13784.152418000001,531.10135,531.10135,orig046 start: 1,d-14Nov10-c.au,45.0,Orig Start,046: 1,It's All Gone Sideways,Dr S Gachet,,,0.1595388011,229.7358736
13784.776228,531.72516,531.72516,orig046 start: A,d-14Nov10-c.au,45.0,Orig Start,046: A,It's All Gone Sideways,Dr S Gachet,,,0.1595460212,229.7462705
13784.797452,531.746384,531.746384,orig045 note: file start 046,d-14Nov10-c.au,45.0,Orig Note,045: file start 046,It's All Gone Sideways,Dr S Gachet,,,0.1595462668,229.7466242
13784.797452,531.746384,531.746384,orig046 start: 045-start-sync-B,d-14Nov10-c.au,45.0,Orig Start,046: 045-start-sync-B,It's All Gone Sideways,Dr S Gachet,,,0.1595462668,229.7466242
13784.821398,531.77033,531.77033,orig045 note: last signal - sync 046,d-14Nov10-c.au,45.0,Orig Note,045: last signal - sync 046,It's All Gone Sideways,Dr S Gachet,,,0.159546544,229.7470233
13784.82142,531.770352,862.227117,start046: ID: Arcon 2 - The Beckoning,d-14Nov10-c.au,46.0,TrackStart,,The Beckoning,Arcon 2,,,0.1595465442,229.7470237
13784.869289,531.818221,531.818221,orig045 end: B,d-14Nov10-c.au,46.0,Orig End,045: B,The Beckoning,Arcon 2,,,0.1595470983,229.7478215
13784.869289,531.818221,531.818221,orig045 end: B,d-14Nov10-c.au,46.0,Orig End,045: B,The Beckoning,Arcon 2,,,0.1595470983,229.7478215
13785.338712,532.287644,533.287644,orig046 sync: A,d-14Nov10-c.au,46.0,Orig Sync,046 A,,,,,0.1595525314,229.7556452
13785.453529,532.402461,532.402461,orig045 end: 2,d-14Nov10-c.au,46.0,Orig End,045: 2,The Beckoning,Arcon 2,,,0.1595538603,229.7575588
13786.6607,533.609632,534.609632,track sync: A,d-14Nov10-c.au,46.0,Track Sync,046 A,,,,,0.1595678322,229.7776783
13817.337033,564.285965,569.777246,note: ~drumline stops,d-14Nov10-c.au,46.0,Note,~drumline stops,The Beckoning,Arcon 2,,,,
13939.784522,686.733454,687.540454,orig046 sync: 1,d-14Nov10-c.au,46.0,Orig Sync,046 1,,,,,,
13940.4827,687.431632,688.238632,track sync: 1,d-14Nov10-c.au,46.0,Track Sync,046 1,,,,,,
14087.320564000001,834.269496,844.296946,note: ~transition,d-14Nov10-c.au,46.0,Note,~transition,The Beckoning,Arcon 2,,,,
14100.441983,847.390915,848.226577,orig046 sync: B,d-14Nov10-c.au,46.0,Orig Sync,046 B,,,,,,
14100.441983,847.390915,848.226577,track sync: B,d-14Nov10-c.au,46.0,Track Sync,046 B,,,0.9958045881408828,,,
14113.952203,860.901135,860.901135,orig47 start: .,d-14Nov10-c.au,46.0,Orig Start,47: .,The Beckoning,Arcon 2,,,,
14113.976149,860.925081,860.925081,orig047 note: sync 046,d-14Nov10-c.au,46.0,Orig Note,047: sync 046,The Beckoning,Arcon 2,,,,
14114.83008,861.779012,861.779012,orig047 start: 1,d-14Nov10-c.au,46.0,Orig Start,047: 1,The Beckoning,Arcon 2,,,,
14115.204897000001,862.153829,862.153829,orig047 start: A,d-14Nov10-c.au,46.0,Orig Start,047: A,The Beckoning,Arcon 2,,,,
14115.25424,862.203172,862.203172,orig046 note: file start 047,d-14Nov10-c.au,46.0,Orig Note,046: file start 047,The Beckoning,Arcon 2,,,,
14115.25424,862.203172,862.203172,orig047 start: sync-046-B,d-14Nov10-c.au,46.0,Orig Start,047: sync-046-B,The Beckoning,Arcon 2,,,,
14115.278185000001,862.227117,862.227117,orig046 note: last signal sync 047,d-14Nov10-c.au,46.0,Orig Note,046: last signal sync 047,The Beckoning,Arcon 2,,,,
14115.278185000001,862.227117,1274.752677,start047: ID: Alpha Omega - Realism,d-14Nov10-c.au,47.0,TrackStart,,Realism,Alpha Omega,,,,
14115.313832,862.262764,862.262764,orig046 end: B,d-14Nov10-c.au,47.0,Orig End,046: B,Realism,Alpha Omega,,,,
14115.313832,862.262764,862.262764,orig046 end: B,d-14Nov10-c.au,47.0,Orig End,046: B,Realism,Alpha Omega,,,,
14115.723248,862.67218,863.868212,orig047 sync: A,d-14Nov10-c.au,47.0,Orig Sync,047 A,,,,,,
14116.975943000001,863.924875,865.120907,track sync: A,d-14Nov10-c.au,47.0,Track Sync,047 A,,,,,,
14148.812745000001,895.761677,895.761677,note: file end: dnb-14Nov02-b.au,d-14Nov10-c.au,47.0,Note,file end: dnb-14Nov02-b.au,Realism,Alpha Omega,,,,
14234.614823,981.563755,982.392755,orig047 sync: 1,d-14Nov10-c.au,47.0,Orig Sync,047 1,,,,,,
14235.4927,982.441632,983.270632,track sync: 1,d-14Nov10-c.au,47.0,Track Sync,047 1,,,,,,
14406.65161,1153.600542,1154.500542,orig047 sync: 2,d-14Nov10-c.au,47.0,Orig Sync,047 2,,,,,,
14406.985700000001,1153.934632,1154.834632,track sync: 2,d-14Nov10-c.au,47.0,Track Sync,047 2,,,,,,
14453.032777,1199.981709,1199.981709,file end: d-14Nov10-c.au COMPLETE,d-14Nov10-c.au,47.0,File End,d-14Nov10-c.au COMPLETE,Realism,Alpha Omega,,,,
14453.051068,1200.0,1200.0,note d-14Nov10-d: file start sync: d-14Nov10-d.au 13253.051068 verified d217-242 d228-247,d-14Nov10-c.au,47.0,Note,note d-14Nov10-d: file start sync: d-14Nov10-d.au 13253.051068 verified d217-242 d228-247,Realism,Alpha Omega,,,,
14453.051068,1200.0,1274.767,note d-14Nov10-d: ID047: Alpha Omega - Realism,d-14Nov10-c.au,47.0,TrackID,,Realism,Alpha Omega,,,,
14461.313281,1208.262213,1214.066393,note d-14Nov10-d: ~start of record scratching,d-14Nov10-c.au,47.0,Note,note d-14Nov10-d: ~start of record scratching,Realism,Alpha Omega,,,,
14515.673105000002,1262.622037,1266.286592,orig047 sync: B,d-14Nov10-c.au,47.0,Orig Sync,047 B,,,,,,
14515.673105000002,1262.622037,1266.286592,track sync: B,d-14Nov10-c.au,47.0,Track Sync,047 B,,,0.9968678698639964,,,
14521.044448,1267.99338,1267.99338,orig047 end: B,d-14Nov10-c.au,47.0,Orig End,047: B,Realism,Alpha Omega,,,,
14521.044448,1267.99338,1267.99338,orig047 end: B,d-14Nov10-c.au,47.0,Orig End,047: B,Realism,Alpha Omega,,,,
14521.378575,1268.327507,1268.327507,orig047 end: 2,d-14Nov10-c.au,47.0,Orig End,047: 2,Realism,Alpha Omega,,,,
14527.818068,1274.767,1452.767,note d-14Nov10-d: start048: ID: Her Spectre Above Me Look (2:58),d-14Nov10-c.au,48.0,TrackStart,,Her Spectre Above Me Look (2:58),,,,,
14705.818068,1452.767,1903.767,note d-14Nov10-d: start049: ID: Falling (7:31),d-14Nov10-c.au,49.0,TrackStart,,Falling (7:31),,,,,
14753.001588000001,1499.95052,1503.264107,note d-14Nov10-d: skip? (d-14Nov10-d and d228-247),d-14Nov10-c.au,49.0,Note,note d-14Nov10-d: skip? (d-14Nov10-d and d228-247),Falling (7:31),,,,,
15156.818068,1903.767,2263.767,note d-14Nov10-d: start050: ID: Cairo (6:00),d-14Nov10-c.au,50.0,TrackStart,,Cairo (6:00),,,,,
15516.818068,2263.767,2593.767,note d-14Nov10-d: start051: ID: Nightrider (5:30),d-14Nov10-c.au,51.0,TrackStart,,Nightrider (5:30),,,,,
13017.499068000001,-235.552,-235.552,file start sync: d217-242.wav 13253.051068 verified d-14Nov10-b,d217-242.wav,,File Start Sync,d217-242.wav 13253.051068 verified d-14Nov10-b,,,,,,
13017.499068000001,-235.552,0.0,file note: in sync with d-14Nov10-b over this range,d217-242.wav,,File Note,in sync with d-14Nov10-b over this range,,,,,,
13253.051068,0.0,1200.0,file note: in sync with d-14Nov10-c over this range,d217-242.wav,,File Note,in sync with d-14Nov10-c over this range,,,,,,
14453.051068,1200.0,1303.904,file note: in sync with d-14Nov10-d over this range,d217-242.wav,,File Note,in sync with d-14Nov10-d over this range,,,,,,
14556.955068000001,1303.904,1303.904,file end: d217-242.wav COMPLETE,d217-242.wav,,File End,d217-242.wav COMPLETE,,,,,,
13592.28563,339.234562,339.234562,file start sync: d228-247.wav 13253.051068 verified d-14Nov10-c,d228-247.wav,,File Start Sync,d228-247.wav 13253.051068 verified d-14Nov10-c,,,,,,
13593.051068,340.0,340.0,"note:  -- NOT PRECISE START POINT -- this 4.608s contains two clips, not sure of precise location but can be ignored",d228-247.wav,,Orig Start,"608:  contains two clips, not sure of precise location but can be ignored",,,,,,
13596.902587,343.851519,343.851519,file note: skip (not present in d-14Nov10-c or d217-242),d228-247.wav,,File Note,skip (not present in d-14Nov10-c or d217-242),,,,,,
13659.620068,406.569,406.569,file note: post-skip in sync with d-14Nov10-c from here,d228-247.wav,,File Note,post-skip in sync with d-14Nov10-c from here,,,,,,
13659.620068,406.569,406.569,file note: sync d228-247.wav 13253.051068 verified d-14Nov10-c -- ALIGNED HERE,d228-247.wav,,File Note,sync d228-247.wav 13253.051068 verified d-14Nov10-c -- ALIGNED HERE,,,,,,
13659.620068,406.569,1200.0,file note: in sync with d-14Nov10-c over this range,d228-247.wav,,File Note,in sync with d-14Nov10-c over this range,,,,,,
14453.051068,1200.0,1372.324437,file note: in sync with d-14Nov10-d over this range,d228-247.wav,,File Note,in sync with d-14Nov10-d over this range,,,,,,
14453.051068,1200.0,1391.717062,file note: in sync with d-14Nov10-d over this range,d228-247.wav,,File Note,in sync with d-14Nov10-d over this range,,,,,,
14625.375505,1372.324437,1374.82725,file note: skip ahead 2.503s (and skipping over orphan .007s),d228-247.wav,,Orig Start,503:  (and skipping over orphan .007s),,,,,,
14627.865197000001,1374.814129,1374.8209,"file note: orphan .007s between skips, cannot place, just mute (amplify -50)",d228-247.wav,,Orig Start,"007:  between skips, cannot place, just mute (amplify -50)",,,,,,
14627.878318000001,1374.82725,1374.82725,file note: resume from skip,d228-247.wav,,File Note,resume from skip,,,,,,
14644.76813,1391.717062,1391.717062,file note: skip,d228-247.wav,,File Note,skip,,,,,,
14645.152131,1392.101063,1392.101063,file note: resume from skip,d228-247.wav,,File Note,resume from skip,,,,,,
14645.152131,1392.101063,1604.832,file note: in approximate sync with d-14Nov10-d over this range,d228-247.wav,,File Note,in approximate sync with d-14Nov10-d over this range,,,,,,
14645.24913,1392.198062,1392.200621,note: imprecise sync,d228-247.wav,,Note,imprecise sync,,,,,,
14645.626075,1392.575007,1392.578072,note: imprecise sync,d228-247.wav,,Note,imprecise sync,,,,,,
14645.859992000002,1392.808924,1392.810969,note: imprecise sync,d228-247.wav,,Note,imprecise sync,,,,,,
14645.961476,1392.910408,1392.913023,note: imprecise,d228-247.wav,,Note,imprecise,,,,,,
14646.013678000001,1392.96261,1392.963608,note: better sync? but still not exact.,d228-247.wav,,Note,better sync? but still not exact.,,,,,,
14646.046844,1392.995776,1392.99767,note: precise sync,d228-247.wav,,Note,precise sync,,,,,,
14857.883068000001,1604.832,1604.832,file end: d228-247.wav COMPLETE but do not use,d228-247.wav,,File End,d228-247.wav COMPLETE but do not use,,,,,,
14148.827068,895.776,895.776,file start sync: dnb-14Nov02-c.au 13253.051068 verified d-14Nov10-c,dnb-14Nov02-c.au,,File Start Sync,dnb-14Nov02-c.au 13253.051068 verified d-14Nov10-c,,,,,,
14148.827068,895.776,962.7195,file note: in sync with d-14Nov10-c over this range,dnb-14Nov02-c.au,,File Note,in sync with d-14Nov10-c over this range,,,,,,
14215.770568,962.7195,962.7195,file end: dnb-14Nov02-c.au COMPLETE,dnb-14Nov02-c.au,,File End,dnb-14Nov02-c.au COMPLETE,,,,,,
14453.051068,0.0,0.0,file start sync: d-14Nov10-d.au 14453.051068 verified d217-242 d228-247,d-14Nov10-d.au,,File Start Sync,d-14Nov10-d.au 14453.051068 verified d217-242 d228-247,,,,,,
14453.051068,0.0,68.258437,ID047: Alpha Omega - Realism,d-14Nov10-d.au,47.0,TrackID,,Realism,Alpha Omega,,,,
14461.313281,8.262213,14.066393,note: ~start of record scratching,d-14Nov10-d.au,47.0,Note,~start of record scratching,Realism,Alpha Omega,,,,
14507.479003,54.427935,58.886092,note: ~end of bassline,d-14Nov10-d.au,47.0,Note,~end of bassline,Realism,Alpha Omega,,,,
14515.673105,62.622037,66.286592,orig047 sync: B,d-14Nov10-d.au,47.0,Orig Sync,047 B,,,-0.49834021715811383,,,
14515.673105,62.622037,66.286592,track sync: B,d-14Nov10-d.au,47.0,Track Sync,047 B,,,1.0015657706094554,,,
14520.778031,67.726963,67.726963,orig048 start: B,d-14Nov10-d.au,47.0,Orig Start,048: B,Realism,Alpha Omega,,,,
14520.778031,67.726963,67.726963,orig048 start: B,d-14Nov10-d.au,47.0,Orig Start,048: B,Realism,Alpha Omega,,,,
14520.860638,67.80957,68.09157,orig048 sync: A,d-14Nov10-d.au,48.0,Orig Sync,048 A,,,,,,
14521.020548,67.96948,67.96948,orig047 note: file start 048 -- tho exact start not 100% clear,d-14Nov10-d.au,47.0,Orig Note,047: file start 048 -- tho exact start not 100% clear,Realism,Alpha Omega,,,,
14521.044448,67.99338,67.99338,orig047 end: B (mp3),d-14Nov10-d.au,47.0,Orig End,047: B (mp3),Realism,Alpha Omega,,,,
14521.295967,68.244899,68.244899,orig048 start: A,d-14Nov10-d.au,47.0,Orig Start,048: A,Realism,Alpha Omega,,,,
14521.309482,68.258414,68.258414,orig047 note: last signal - sync 048,d-14Nov10-d.au,47.0,Orig Note,047: last signal - sync 048,Realism,Alpha Omega,,,,
14521.309505000001,68.258437,68.258437,orig047 end: B (wv),d-14Nov10-d.au,47.0,Orig End,047: B (wv),Realism,Alpha Omega,,,,
14521.309505000001,68.258437,68.258437,orig047 end: B (wv) - sync 048,d-14Nov10-d.au,47.0,Orig End,047: B (wv) - sync 048,Realism,Alpha Omega,,,,
14521.309505000001,68.258437,68.258437,orig047 note: file start 048 (wv),d-14Nov10-d.au,47.0,Orig Note,047: file start 048 (wv),Realism,Alpha Omega,,,,
14521.309505000001,68.258437,68.258437,orig048 start: 047-sync-B,d-14Nov10-d.au,47.0,Orig Start,048: 047-sync-B,Realism,Alpha Omega,,,,
14521.309505000001,68.258437,245.953629,start048: ID: Downpour - Her Spectre Above Me Look,d-14Nov10-d.au,48.0,TrackStart,,Her Spectre Above Me Look,Downpour,,,,
14521.378575,68.327507,68.327507,orig047 end: 2,d-14Nov10-d.au,48.0,Orig End,047: 2,Her Spectre Above Me Look,Downpour,,,,
14521.378575,68.327507,68.609507,track sync: A,d-14Nov10-d.au,48.0,Track Sync,048 A,,,,,,
14535.056902,82.005834,87.019997,"note: ~""me, i'm going to die alone""",d-14Nov10-d.au,48.0,Note,"~""me, i'm going to die alone""",Her Spectre Above Me Look,Downpour,,,,
14561.098202000001,108.047134,119.288565,note: ~second friends clip,d-14Nov10-d.au,48.0,Note,~second friends clip,Her Spectre Above Me Look,Downpour,,,,
14584.228053,131.176985,154.872951,note: ~third clip - eats his own face,d-14Nov10-d.au,48.0,Note,~third clip - eats his own face,Her Spectre Above Me Look,Downpour,,,,
14613.261676,160.210608,178.892411,note: ~clips continue...,d-14Nov10-d.au,48.0,Note,~clips continue...,Her Spectre Above Me Look,Downpour,,,,
14683.459964000001,230.408896,235.342186,note: ~clear transition,d-14Nov10-d.au,48.0,Note,~clear transition,Her Spectre Above Me Look,Downpour,,,,
14684.529068,231.478,232.279,orig048 sync: B,d-14Nov10-d.au,48.0,Orig Sync,048 B,,,,,,
14684.529068,231.478,232.279,track sync: B,d-14Nov10-d.au,48.0,Track Sync,048 B,,,0.9968354495732623,,,
14698.795667,245.744599,245.744599,orig049 start: 1,d-14Nov10-d.au,48.0,Orig Start,049: 1,Her Spectre Above Me Look,Downpour,,,,
14698.795667,245.744599,245.744599,orig049 start: 1,d-14Nov10-d.au,48.0,Orig Start,049: 1,Her Spectre Above Me Look,Downpour,,,,
14698.886365,245.835297,246.239297,orig049 sync: 0 start pre-skip,d-14Nov10-d.au,49.0,Orig Sync,049 0 start pre-skip,,,,,,
14698.96637,245.915302,245.915302,orig049 start: 0,d-14Nov10-d.au,48.0,Orig Start,049: 0,Her Spectre Above Me Look,Downpour,,,,
14699.004697,245.953629,245.953629,orig048 end: B,d-14Nov10-d.au,48.0,Orig End,048: B,Her Spectre Above Me Look,Downpour,,,,
14699.004697,245.953629,245.953629,orig048 end: B,d-14Nov10-d.au,48.0,Orig End,048: B,Her Spectre Above Me Look,Downpour,,,,
14699.004697,245.953629,245.953629,orig049 start: 048-sync-B,d-14Nov10-d.au,48.0,Orig Start,049: 048-sync-B,Her Spectre Above Me Look,Downpour,,,,
14699.004697,245.953629,699.023442,start049: ID: G-Money - Falling.mp3,d-14Nov10-d.au,49.0,TrackStart,,Falling.mp3,G-Money,,,,
14699.057068,246.006,246.41,track sync: 0 start pre-skip,d-14Nov10-d.au,49.0,Track Sync,049 0 start pre-skip,,,,,,
14752.413253,299.362185,300.355175,orig049 sync: 1 pre-skip,d-14Nov10-d.au,49.0,Orig Sync,049 1 pre-skip,,,,,,
14752.413253,299.362185,300.355175,track sync: 1 pre-skip,d-14Nov10-d.au,49.0,Track Sync,049 1 pre-skip,,,,,,
14754.440610000001,301.389542,304.721628,note: skip length 3.332s from start of skip section,d-14Nov10-d.au,49.0,Orig Start,332:  from start of skip section,Falling.mp3,G-Money,,,,
14754.440618,301.38955,301.38955,orig049 note: split here to find skip in mix,d-14Nov10-d.au,49.0,Orig Note,049: split here to find skip in mix,Falling.mp3,G-Money,,,,
14754.440618,301.38955,301.393211,note: skip section -- 0.004s glitch that doesn't fit (d-14Nov10-d and d228-247),d-14Nov10-d.au,49.0,Orig Start,004:  glitch that doesn't fit (d-14Nov10-d and d228-247),Falling.mp3,G-Money,,,,
14756.519454000001,303.468386,303.933698,orig049 sync: A post-skip,d-14Nov10-d.au,49.0,Orig Sync,049 A post-skip,,,,,,
14756.519462,303.468394,303.468394,orig049 note: split here to find skip in mix,d-14Nov10-d.au,49.0,Orig Note,049: split here to find skip in mix,Falling.mp3,G-Money,,,,
14757.772696,304.721628,305.186941,track sync: A post-skip,d-14Nov10-d.au,49.0,Track Sync,049 A post-skip,,,,,,
14785.603325,332.552257,337.566421,"note: ~da, only, only",d-14Nov10-d.au,49.0,Note,"~da, only, only",Falling.mp3,G-Money,,,,
14829.267168,376.2161,376.8201,orig049 sync: 3 post-skip,d-14Nov10-d.au,49.0,Orig Sync,049 3 post-skip,,,,,,
14830.281068,377.23,377.834,track sync: 3 post-skip,d-14Nov10-d.au,49.0,Track Sync,049 3 post-skip,,,,,,
14830.580996,377.529928,377.534027,track sync: 3 post-skip,d-14Nov10-d.au,49.0,Track Sync,049 3 post-skip,,,,,,
14911.773667000001,458.722599,459.132599,orig049 sync: 4 post-skip,d-14Nov10-d.au,49.0,Orig Sync,049 4 post-skip,,,,,,
14912.527068000001,459.476,459.886,track sync: 4 post-skip,d-14Nov10-d.au,49.0,Track Sync,049 4 post-skip,,,,,,
14987.397395,534.346327,534.950327,orig049 sync: 5 post-skip,d-14Nov10-d.au,49.0,Orig Sync,049 5 post-skip,,,,,,
14987.911068000001,534.86,535.464,track sync: 5 post-skip,d-14Nov10-d.au,49.0,Track Sync,049 5 post-skip,,,,,,
15075.939561000001,622.888493,627.74091,note: ~false stop,d-14Nov10-d.au,49.0,Note,~false stop,Falling.mp3,G-Money,,,,
15079.293803,626.242735,626.851735,orig049 sync: 6 post-skip,d-14Nov10-d.au,49.0,Orig Sync,049 6 post-skip,,,,,,
15079.517068000001,626.466,627.075,track sync: 6 post-skip,d-14Nov10-d.au,49.0,Track Sync,049 6 post-skip,,,,,,
15101.414746,648.363678,658.311132,note: ~transition,d-14Nov10-d.au,49.0,Note,~transition,Falling.mp3,G-Money,,,,
15149.287009000001,696.235941,697.304075,orig049 sync: B end,d-14Nov10-d.au,49.0,Orig Sync,049 B end,,,,,,
15149.287009000001,696.235941,697.304075,track sync: B end,d-14Nov10-d.au,49.0,Track Sync,049 B end,,,0.9968092018191268,,,
15150.943855000001,697.892787,697.892787,orig050 start: B,d-14Nov10-d.au,49.0,Orig Start,050: B,Falling.mp3,G-Money,,,,
15150.943855000001,697.892787,697.892787,orig050 start: B,d-14Nov10-d.au,49.0,Orig Start,050: B,Falling.mp3,G-Money,,,,
15151.681086,698.630018,698.630018,orig050 start: 1,d-14Nov10-d.au,49.0,Orig Start,050: 1,Falling.mp3,G-Money,,,,
15151.988524,698.937456,698.937456,orig050 start: A,d-14Nov10-d.au,49.0,Orig Start,050: A,Falling.mp3,G-Money,,,,
15152.07451,699.023442,699.023442,orig049 end: B,d-14Nov10-d.au,49.0,Orig End,049: B,Falling.mp3,G-Money,,,,
15152.07451,699.023442,699.023442,orig049 end: B,d-14Nov10-d.au,49.0,Orig End,049: B,Falling.mp3,G-Money,,,,
15152.07451,699.023442,699.023442,orig049 note: file start 050,d-14Nov10-d.au,49.0,Orig Note,049: file start 050,Falling.mp3,G-Money,,,,
15152.07451,699.023442,699.023442,orig050 start: sync-049-B,d-14Nov10-d.au,49.0,Orig Start,050: sync-049-B,Falling.mp3,G-Money,,,,
15152.07451,699.023442,1057.62612,start050: ID: DJ 3D - Cairo.mp3,d-14Nov10-d.au,50.0,TrackStart,,Cairo.mp3,DJ 3D,,,,
15152.297776000001,699.246708,699.246708,orig049 end: 6 post-skip,d-14Nov10-d.au,50.0,Orig End,049: 6 post-skip,Cairo.mp3,DJ 3D,,,,
15152.827912,699.776844,699.776844,orig049 end: 4 post-skip,d-14Nov10-d.au,50.0,Orig End,049: 4 post-skip,Cairo.mp3,DJ 3D,,,,
15153.327753000001,700.276685,700.276685,orig049 end: A post-skip,d-14Nov10-d.au,50.0,Orig End,049: A post-skip,Cairo.mp3,DJ 3D,,,,
15175.717399000001,722.666331,723.550331,orig050 sync: A,d-14Nov10-d.au,50.0,Orig Sync,050 A,,,,,,
15176.762068,723.711,724.595,track sync: A,d-14Nov10-d.au,50.0,Track Sync,050 A,,,,,,
15182.126603,729.075535,734.979308,"note: ~""The Ultimate Creature""",d-14Nov10-d.au,50.0,Note,"~""The Ultimate Creature""",Cairo.mp3,DJ 3D,,,,
15268.898293,815.847225,821.013342,"note: ~""The Ultimate Creature""",d-14Nov10-d.au,50.0,Note,"~""The Ultimate Creature""",Cairo.mp3,DJ 3D,,,,
15272.830837000001,819.779769,820.585769,orig050 sync: 1,d-14Nov10-d.au,50.0,Orig Sync,050 1,,,,,,
15273.568068,820.517,821.323,track sync: 1,d-14Nov10-d.au,50.0,Track Sync,050 1,,,,,,
15419.263871000001,966.212803,967.019803,orig050 sync: 2,d-14Nov10-d.au,50.0,Orig Sync,050 2,,,,,,
15419.537068000001,966.486,967.293,track sync: 2,d-14Nov10-d.au,50.0,Track Sync,050 2,,,,,,
15419.78885,966.737782,972.228342,"note: ~""The Ultimate Creature""",d-14Nov10-d.au,50.0,Note,"~""The Ultimate Creature""",Cairo.mp3,DJ 3D,,,,
15423.881813,970.830745,977.119931,note: ~start transition,d-14Nov10-d.au,50.0,Note,~start transition,Cairo.mp3,DJ 3D,,,,
15490.068011000001,1037.016943,1040.510936,"note: ~""Night Rider""",d-14Nov10-d.au,50.0,Note,"~""Night Rider""",Cairo.mp3,DJ 3D,,,,
15505.776068000001,1052.725,1053.526,orig050 sync: B,d-14Nov10-d.au,50.0,Orig Sync,050 B,,,,,,
15505.776068000001,1052.725,1053.526,track sync: B,d-14Nov10-d.au,50.0,Track Sync,050 B,,,0.9968348990706255,,,
15507.269905000001,1054.218837,1055.815758,"orig050 note: ""when you look at the night sk-""",d-14Nov10-d.au,50.0,Orig Note,"050: ""when you look at the night sk-""",Cairo.mp3,DJ 3D,,,,
15507.270187,1054.219119,1055.701711,"note: ""when you look at the night sk-""",d-14Nov10-d.au,50.0,Note,"""when you look at the night sk-""",Cairo.mp3,DJ 3D,,,,
15509.134619,1056.083551,1056.083551,orig051 start: .,d-14Nov10-d.au,50.0,Orig Start,051: .,Cairo.mp3,DJ 3D,,,,
15509.622556,1056.571488,1056.571488,orig051 start: B,d-14Nov10-d.au,50.0,Orig Start,051: B,Cairo.mp3,DJ 3D,,,,
15510.387914,1057.336846,1057.336846,orig051 start: 1,d-14Nov10-d.au,50.0,Orig Start,051: 1,Cairo.mp3,DJ 3D,,,,
15510.652517,1057.601449,1057.601449,orig051 start: A,d-14Nov10-d.au,50.0,Orig Start,051: A,Cairo.mp3,DJ 3D,,,,
15510.677188000001,1057.62612,1057.62612,orig050 end: B,d-14Nov10-d.au,50.0,Orig End,050: B,Cairo.mp3,DJ 3D,,,,
15510.677188000001,1057.62612,1057.62612,orig050 end: B signal to very end,d-14Nov10-d.au,50.0,Orig End,050: B signal to very end,Cairo.mp3,DJ 3D,,,,
15510.677188000001,1057.62612,1057.62612,orig050 note: file start 051,d-14Nov10-d.au,50.0,Orig Note,050: file start 051,Cairo.mp3,DJ 3D,,,,
15510.677188000001,1057.62612,1057.62612,orig051 start: 050-sync-B,d-14Nov10-d.au,50.0,Orig Start,051: 050-sync-B,Cairo.mp3,DJ 3D,,,,
15510.677188000001,1057.62612,1393.767,start051: ID: E-Sassin - Nightrider.mp3,d-14Nov10-d.au,51.0,TrackStart,,Nightrider.mp3,E-Sassin,,,,
15512.00417,1058.953102,1059.757102,orig051 sync: A,d-14Nov10-d.au,51.0,Orig Sync,051 A,,,,,,
15513.522068,1060.471,1061.275,track sync: A,d-14Nov10-d.au,51.0,Track Sync,051 A,,,,,,
15536.399628000001,1083.34856,1083.352133,orig051 note: manual align window finding program align 1,d-14Nov10-d.au,51.0,Orig Note,051: manual align window finding program align 1,Nightrider.mp3,E-Sassin,,,,
15536.408370000001,1083.357302,1083.357302,orig051 note: manual align 1,d-14Nov10-d.au,51.0,Orig Note,051: manual align 1,Nightrider.mp3,E-Sassin,,,,
15537.842311,1084.791243,1084.794816,note: manual window finding program align 1,d-14Nov10-d.au,51.0,Note,manual window finding program align 1,Nightrider.mp3,E-Sassin,,,,
15537.848166,1084.797098,1084.802902,note: align window (100 samples) program align 1,d-14Nov10-d.au,51.0,Note,align window (100 samples) program align 1,Nightrider.mp3,E-Sassin,,,,
15537.851068,1084.8,1084.8,note: program align 1,d-14Nov10-d.au,51.0,Note,program align 1,Nightrider.mp3,E-Sassin,,,,
15566.651068000001,1113.6,1113.6,note: program align 2,d-14Nov10-d.au,51.0,Note,program align 2,Nightrider.mp3,E-Sassin,,,,
15566.651068000001,1113.6,1113.6,orig051 note: program align 2,d-14Nov10-d.au,51.0,Orig Note,051: program align 2,Nightrider.mp3,E-Sassin,,,,
15575.239855,1122.188787,1122.188787,orig051 note: program align 2,d-14Nov10-d.au,51.0,Orig Note,051: program align 2,Nightrider.mp3,E-Sassin,,,,
15595.866773000002,1142.815705,1143.629705,orig051 sync: 1,d-14Nov10-d.au,51.0,Orig Sync,051 1,,,,,,
15597.120068,1144.069,1144.883,track sync: 1,d-14Nov10-d.au,51.0,Track Sync,051 1,,,,,,
15608.264783,1155.213715,1170.187968,note: ~more background voices,d-14Nov10-d.au,51.0,Note,~more background voices,Nightrider.mp3,E-Sassin,,,,
15648.419832000001,1195.368764,1196.190764,orig051 sync: 2,d-14Nov10-d.au,51.0,Orig Sync,051 2,,,,,,
15649.506068,1196.455,1197.277,track sync: 2,d-14Nov10-d.au,51.0,Track Sync,051 2,,,,,,
15653.051068,1200.0,1200.0,file end: d-14Nov10-d.au COMPLETE,d-14Nov10-d.au,51.0,File End,d-14Nov10-d.au COMPLETE,Nightrider.mp3,E-Sassin,,,,
15653.051068,1200.0,1200.0,note d-14Nov10-e: file start sync: d-14Nov10-e.au 14453.051068 verified d242-268,d-14Nov10-d.au,51.0,Note,note d-14Nov10-e: file start sync: d-14Nov10-e.au 14453.051068 verified d242-268,Nightrider.mp3,E-Sassin,,,,
15660.874325,1207.823257,1252.147047,"note d-14Nov10-e: ~""I am the Night Rider"" xN",d-14Nov10-d.au,51.0,Note,"note d-14Nov10-e: ~""I am the Night Rider"" xN",Nightrider.mp3,E-Sassin,,,,
15837.771131000001,1384.720063,1385.524063,orig051 sync: B 3ne,d-14Nov10-d.au,51.0,Orig Sync,051 B 3ne,,,,,,
15838.259068000001,1385.208,1386.012,track sync: B end,d-14Nov10-d.au,51.0,Track Sync,051 B end,,,0.9968383503445583,,,
15839.467953000001,1386.416885,1386.416885,orig051 end: .,d-14Nov10-d.au,51.0,Orig End,051: .,Nightrider.mp3,E-Sassin,,,,
15839.955889,1386.904821,1386.904821,orig051 end: B,d-14Nov10-d.au,51.0,Orig End,051: B,Nightrider.mp3,E-Sassin,,,,
15839.955889,1386.904821,1386.904821,orig051 end: B,d-14Nov10-d.au,51.0,Orig End,051: B,Nightrider.mp3,E-Sassin,,,,
15840.554188,1387.50312,1387.50312,orig051 end: 2,d-14Nov10-d.au,51.0,Orig End,051: 2,Nightrider.mp3,E-Sassin,,,,
15840.721247000001,1387.670179,1387.670179,orig051 end: 1,d-14Nov10-d.au,51.0,Orig End,051: 1,Nightrider.mp3,E-Sassin,,,,
15846.818068,1393.767,1653.767,note d-14Nov10-e: start052: ID: Diet for Murder (4:20),d-14Nov10-d.au,52.0,TrackStart,,Diet for Murder (4:20),,,,,
16060.172692,1607.121624,1643.452798,note d-14Nov10-e: ~battle sounds,d-14Nov10-d.au,52.0,Note,note d-14Nov10-e: ~battle sounds,Diet for Murder (4:20),,,,,
16096.502423,1643.451355,1643.451355,note d-14Nov10-e: start053: promo6,d-14Nov10-d.au,52.0,Note,note d-14Nov10-e: start053: promo6,Diet for Murder (4:20),,,,,
16121.323168,1668.2721,1668.2721,note d-14Nov10-e: start054: Dreams of Heaven,d-14Nov10-d.au,52.0,Note,note d-14Nov10-e: start054: Dreams of Heaven,Diet for Murder (4:20),,,,,
16853.051068,2400.0,2400.0,note d-14Nov10-e: file end: d-14Nov10-e.au,d-14Nov10-d.au,52.0,Note,note d-14Nov10-e: file end: d-14Nov10-e.au,Diet for Murder (4:20),,,,,
14857.883006,404.831938,404.831938,file start sync: d248-258.wav 14453.051068 verified d-14Nov10-d,d248-258.wav,,File Start Sync,d248-258.wav 14453.051068 verified d-14Nov10-d,,,,,,
14857.883006,404.831938,1087.392,in sync with d-14Nov10-d over entire file,d248-258.wav,,Note,in sync with d-14Nov10-d over entire file,,,,,,
15540.443068,1087.392,1087.392,file end: d248-258.wav COMPLETE,d248-258.wav,,File End,d248-258.wav COMPLETE,,,,,,
14556.954988000001,103.90392,103.90392,file start sync: d242-268.wav 14453.051068 verified d-14Nov10-d,d242-268.wav,,File Start Sync,d242-268.wav 14453.051068 verified d-14Nov10-d,,,,,,
14556.954988000001,103.90392,1200.0,file note: in sync with d-14Nov10-d over this range,d242-268.wav,,File Note,in sync with d-14Nov10-d over this range,,,,,,
15653.051068,1200.0,1643.42392,file note: in sync with d-14Nov10-e over this range,d242-268.wav,,File Note,in sync with d-14Nov10-e over this range,,,,,,
16096.474988,1643.42392,1643.42392,file end: d242-268.wav COMPLETE,d242-268.wav,,File End,d242-268.wav COMPLETE,,,,,,
15654.051068,0.0,0.0,file start sync: d-14Nov10-e.au 15654.051068 verified d242-268,d-14Nov10-e.au,,File Start Sync,d-14Nov10-e.au 15654.051068 verified d242-268,,,,,,
15654.051068,0.0,186.904821,ID051: E-Sassin - Nightrider,d-14Nov10-e.au,51.0,TrackID,,Nightrider,E-Sassin,,,,
15661.874325,7.823257,52.147047,"note: ~""I am the Night Rider"" xN",d-14Nov10-e.au,51.0,Note,"~""I am the Night Rider"" xN",Nightrider,E-Sassin,,,,
15782.556223000001,128.505155,136.85567,"note: ~start of transition, background ""Murder""",d-14Nov10-e.au,51.0,Note,"~start of transition, background ""Murder""",Nightrider,E-Sassin,,,,
15839.259068000001,185.208,186.012,track sync: B end,d-14Nov10-e.au,51.0,Track Sync,051 B end,,,-2.6867764530608738,,,
15840.259048,186.20798,186.20798,orig052 start: .,d-14Nov10-e.au,51.0,Orig Start,052: .,Nightrider,E-Sassin,,,,
15840.420068000001,186.369,186.369,orig052 start: B script align point 3,d-14Nov10-e.au,51.0,Orig Start,052: B script align point 3,Nightrider,E-Sassin,,,,
15840.589068000001,186.538,186.538,orig052 start: 2 script align point 2,d-14Nov10-e.au,51.0,Orig Start,052: 2 script align point 2,Nightrider,E-Sassin,,,,
15840.766068,186.715,186.715,orig052 start: A script align point 1,d-14Nov10-e.au,51.0,Orig Start,052: A script align point 1,Nightrider,E-Sassin,,,,
15840.938633000002,186.887565,186.887565,orig052 start: 0,d-14Nov10-e.au,51.0,Orig Start,052: 0,Nightrider,E-Sassin,,,,
15840.955889,186.904821,186.904821,orig051 end: .,d-14Nov10-e.au,51.0,Orig End,051: .,Nightrider,E-Sassin,,,,
15840.955889,186.904821,186.904821,orig051 end: B,d-14Nov10-e.au,51.0,Orig End,051: B,Nightrider,E-Sassin,,,,
15840.955889,186.904821,186.904821,orig051 note: file start 052,d-14Nov10-e.au,51.0,Orig Note,051: file start 052,Nightrider,E-Sassin,,,,
15840.955889,186.904821,186.904821,orig052 start: 051-sync-B,d-14Nov10-e.au,51.0,Orig Start,052: 051-sync-B,Nightrider,E-Sassin,,,,
15840.955889,186.904821,443.433301,start052: ID: B-Boy 3000 - Diet for Murder,d-14Nov10-e.au,52.0,TrackStart,,Diet for Murder,B-Boy 3000,,,,
15841.554188,187.50312,187.50312,orig051 end: 2,d-14Nov10-e.au,52.0,Orig End,051: 2,Diet for Murder,B-Boy 3000,,,,
15841.721247000001,187.670179,187.670179,orig051 end: 1,d-14Nov10-e.au,52.0,Orig End,051: 1,Diet for Murder,B-Boy 3000,,,,
15844.069483000001,190.018415,190.621415,orig052 sync: 0 start,d-14Nov10-e.au,52.0,Orig Sync,052 0 start,,,,,,
15844.749068000001,190.698,191.301,track sync: 0 start,d-14Nov10-e.au,52.0,Track Sync,052 0 start,,,,,,
15898.579227,244.528159,244.528159,orig052 sync: A script align point 1,d-14Nov10-e.au,52.0,Orig Sync,052 A script align point 1,,,,,,
15899.086068,245.035,245.035,track sync: A script align point 1,d-14Nov10-e.au,52.0,Track Sync,052 A script align point 1,,,,,,
15909.528254,255.477186,265.260365,note: ~clearest quote,d-14Nov10-e.au,52.0,Note,~clearest quote,Diet for Murder,B-Boy 3000,,,,
15954.621227000001,300.570159,300.570159,orig052 sync: 2 script align point 2,d-14Nov10-e.au,52.0,Orig Sync,052 2 script align point 2,,,,,,
15954.951068,300.9,300.9,track sync: 2 script align point 2,d-14Nov10-e.au,52.0,Track Sync,052 2 script align point 2,,,,,,
16007.998227,353.947159,353.947159,orig052 sync: B script align point 3,d-14Nov10-e.au,52.0,Orig Sync,052 B script align point 3,,,,,,
16008.160068000001,354.109,354.109,track sync: B script align point 3,d-14Nov10-e.au,52.0,Track Sync,052 B script align point 3,,,0.9968469826995309,,,
16053.30383,399.252762,410.274317,note: ~last quote,d-14Nov10-e.au,52.0,Note,~last quote,Diet for Murder,B-Boy 3000,,,,
16058.643068000001,404.592,405.2,orig052 sync: 4 ending,d-14Nov10-e.au,52.0,Orig Sync,052 4 ending,,,0.9968469826995309,,,
16058.643068000001,404.592,405.2,track sync: 4 ending,d-14Nov10-e.au,52.0,Track Sync,052 4 ending,,,0.9968469826995309,,,
16061.172692,407.121624,442.690219,note: ~battle sounds,d-14Nov10-e.au,52.0,Note,~battle sounds,Diet for Murder,B-Boy 3000,,,,
16084.263256,430.212188,442.690219,"note: helicopter, and a chorus?",d-14Nov10-e.au,52.0,Note,"helicopter, and a chorus?",Diet for Murder,B-Boy 3000,,,,
16097.484369,443.433301,467.872029,start053: ID: Net Radio - Promo6 Peace,d-14Nov10-e.au,53.0,TrackStart,,Promo6 Peace,Net Radio,,,,
16100.859048,446.80798,446.80798,orig052 end: 4,d-14Nov10-e.au,53.0,Orig End,052: 4,Promo6 Peace,Net Radio,,,,
16101.555889000001,447.504821,447.504821,orig052 end: .,d-14Nov10-e.au,53.0,Orig End,052: .,Promo6 Peace,Net Radio,,,,
16121.772349,467.721281,467.721281,orig054 start: rough sync pre-skip,d-14Nov10-e.au,53.0,Orig Start,054: rough sync pre-skip,Promo6 Peace,Net Radio,,,,
16121.775932,467.724864,467.724864,orig054 start: 2 pre-skip,d-14Nov10-e.au,53.0,Orig Start,054: 2 pre-skip,Promo6 Peace,Net Radio,,,,
16121.923097,467.872029,834.598616,start054: ID: Codename John - Dreams of Heaven,d-14Nov10-e.au,54.0,TrackStart,,Dreams of Heaven,Codename John,,,,
16121.924413,467.873345,467.873345,orig054 start: 1,d-14Nov10-e.au,54.0,Orig Start,054: 1,Dreams of Heaven,Codename John,,,,
16122.435197,468.384129,468.386313,track sync: 1,d-14Nov10-e.au,54.0,Track Sync,054 1,,,,,,
16160.135068000001,506.084,506.488,track sync: 2 pre-skip,d-14Nov10-e.au,54.0,Track Sync,054 2 pre-skip,,,,,,
16160.945252000001,506.894184,506.914139,note: rough sync pre-skip,d-14Nov10-e.au,54.0,Note,rough sync pre-skip,Dreams of Heaven,Codename John,,,,
16160.973506,506.922438,509.807415,note: SKIP back 2.885s (also in overlapping files),d-14Nov10-e.au,54.0,Orig Start,885:  (also in overlapping files),Dreams of Heaven,Codename John,,,,
16162.747472000001,508.696404,509.498404,orig054 sync: A post-skip,d-14Nov10-e.au,54.0,Orig Sync,054 A post-skip,,,,,,
16164.006068,509.955,510.757,track sync: A post-skip,d-14Nov10-e.au,54.0,Track Sync,054 A post-skip,,,,,,
16194.400422,540.349354,541.149354,orig054 sync: 3 post-skip,d-14Nov10-e.au,54.0,Orig Sync,054 3 post-skip,,,,,,
16195.527068000001,541.476,542.276,track sync: 3 post-skip,d-14Nov10-e.au,54.0,Track Sync,054 3 post-skip,,,,,,
16226.504883000001,572.453815,572.52942,orig054 sync: 4 post-skip,d-14Nov10-e.au,54.0,Orig Sync,054 4 post-skip,,,,,,
16227.509329,573.458261,573.533867,track sync: 4 post-skip,d-14Nov10-e.au,54.0,Track Sync,054 4 post-skip,,,,,,
16271.782930000001,617.731862,620.83936,orig054 note: rough sync 5,d-14Nov10-e.au,54.0,Orig Note,054: rough sync 5,Dreams of Heaven,Codename John,,,,
16272.596220000001,618.545152,621.652651,note: rough sync 5,d-14Nov10-e.au,54.0,Note,rough sync 5,Dreams of Heaven,Codename John,,,,
16315.857247,661.806179,662.723683,orig054 note: rough sync 6,d-14Nov10-e.au,54.0,Orig Note,054: rough sync 6,Dreams of Heaven,Codename John,,,,
16316.532647,662.481579,663.399083,note: rough sync 6,d-14Nov10-e.au,54.0,Note,rough sync 6,Dreams of Heaven,Codename John,,,,
16377.097592,723.046524,723.846524,orig054 sync: 7 post-skip,d-14Nov10-e.au,54.0,Orig Sync,054 7 post-skip,,,,,,
16377.519068000001,723.468,724.268,track sync: 7 post-skip,d-14Nov10-e.au,54.0,Track Sync,054 7 post-skip,,,,,,
16432.067994,778.016926,778.817926,orig054 sync: 8 post-skip,d-14Nov10-e.au,54.0,Orig Sync,054 8 post-skip,,,,,,
16432.277068,778.226,779.027,track sync: 8 post-skip,d-14Nov10-e.au,54.0,Track Sync,054 8 post-skip,,,,,,
16464.837693,810.786625,810.786625,note: file start d276-293b,d-14Nov10-e.au,54.0,Note,file start d276-293b,Dreams of Heaven,Codename John,,,,
16486.536944,832.485876,832.488567,orig054 sync: B post-skip end,d-14Nov10-e.au,54.0,Orig Sync,054 B post-skip end,,,,,,
16486.536944,832.485876,832.488567,track sync: B post-skip end,d-14Nov10-e.au,54.0,Track Sync,054 B post-skip end,,,0.9961129187053988,,,
16488.256594000002,834.205526,834.205526,orig055 start: .,d-14Nov10-e.au,54.0,Orig Start,055: .,Dreams of Heaven,Codename John,,,,
16488.256594000002,834.205526,834.205526,orig055 start: 1 pre-skip (055s1),d-14Nov10-e.au,54.0,Orig Start,055: 1 pre-skip (055s1),Dreams of Heaven,Codename John,,,,
16488.428458000002,834.37739,834.37739,055s0,d-14Nov10-e.au,54.0,Orig Start,055: 0,Dreams of Heaven,Codename John,,,,
16488.432494,834.381426,834.381426,orig055 start: sync-054-B,d-14Nov10-e.au,54.0,Orig Start,055: sync-054-B,Dreams of Heaven,Codename John,,,,
16488.649684,834.598616,1367.96,start055: ID: John B - Secrets,d-14Nov10-e.au,55.0,TrackStart,,Secrets,John B,,,,
16489.403571,835.352503,835.353893,orig055 sync: 0,d-14Nov10-e.au,55.0,Orig Sync,055 0,,,,,,
16489.404145,835.353077,835.353077,"orig055 note: peak, ideal align point 0 13:55+23150 (or 23146)",d-14Nov10-e.au,55.0,Orig Note,"055: peak, ideal align point 0 13:55+23150 (or 23146)",Secrets,John B,,,,
16489.575435,835.524367,835.525757,track sync: 0,d-14Nov10-e.au,55.0,Track Sync,055 0,,,,,,
16489.575918000002,835.52485,835.52485,NOTE: script align point 0 (13:55 + 23146 samples) fixed,d-14Nov10-e.au,55.0,Note,NOTE: script align point 0 (13:55 + 23146 samples) fixed,Secrets,John B,,,,
16489.896666,835.845598,835.845598,orig054 end: B post-skip,d-14Nov10-e.au,55.0,Orig End,054: B post-skip,Secrets,John B,,,,
16489.896666,835.845598,835.845598,orig054 end: B post-skip,d-14Nov10-e.au,55.0,Orig End,054: B post-skip,Secrets,John B,,,,
16490.105741,836.054673,836.054673,054e8,d-14Nov10-e.au,55.0,Orig End,054: 8,Secrets,John B,,,,
16490.318301,836.267233,836.267233,054e7,d-14Nov10-e.au,55.0,Orig End,054: 7,Secrets,John B,,,,
16490.901113,836.850045,836.850045,054e4,d-14Nov10-e.au,55.0,Orig End,054: 4,Secrets,John B,,,,
16491.023313,836.972245,836.972245,054e3,d-14Nov10-e.au,55.0,Orig End,054: 3,Secrets,John B,,,,
16491.155263,837.104195,837.104195,orig054 end: A post-skip,d-14Nov10-e.au,55.0,Orig End,054: A post-skip,Secrets,John B,,,,
16533.554714,879.503646,879.503646,orig055 note: split to find skip in mix,d-14Nov10-e.au,55.0,Orig Note,055: split to find skip in mix,Secrets,John B,,,,
16533.645096,879.594028,879.603435,orig055 sync: 1,d-14Nov10-e.au,55.0,Orig Sync,055 1,,,,,,
16533.679631,879.628563,879.63797,track sync: 1 pre-skip,d-14Nov10-e.au,55.0,Track Sync,055 1 pre-skip,,,,,,
16533.718922,879.667854,879.672854,orig055 sync: A post-skip,d-14Nov10-e.au,55.0,Orig Sync,055 A post-skip,,,,,,
16534.018765,879.967697,881.385775,note: SKIP back 1s+18437 (1.418s in all overlapping files),d-14Nov10-e.au,55.0,Orig Start,418:  in all overlapping files),Secrets,John B,,,,
16535.601068,881.55,881.555,track sync: A post-skip,d-14Nov10-e.au,55.0,Track Sync,055 A post-skip,,,,,,
16572.520478000002,918.46941,918.470537,orig055 sync: 3 post-skip,d-14Nov10-e.au,55.0,Orig Sync,055 3 post-skip,,,,,,
16574.110972000002,920.059904,921.654613,note: ~there is a secret soul,d-14Nov10-e.au,55.0,Note,~there is a secret soul,Secrets,John B,,,,
16574.252443,920.201375,920.202501,track sync: 3 post-skip,d-14Nov10-e.au,55.0,Track Sync,055 3 post-skip,,,,,,
16618.643038000002,964.59197,964.59997,orig055 sync: 4 post-skip,d-14Nov10-e.au,55.0,Orig Sync,055 4 post-skip,,,,,,
16620.196318000002,966.14525,966.15325,track sync: 4 post-skip,d-14Nov10-e.au,55.0,Track Sync,055 4 post-skip,,,,,,
16689.432255,1035.381187,1035.384437,track sync: 5 post-skip,d-14Nov10-e.au,55.0,Track Sync,055 5 post-skip,,,,,,
16768.894082,1114.843014,1114.850702,orig055 sync: 6 post-skip,d-14Nov10-e.au,55.0,Orig Sync,055 6 post-skip,,,,,,
16769.864255,1115.813187,1115.820875,track sync: 6 post-skip,d-14Nov10-e.au,55.0,Track Sync,055 6 post-skip,,,,,,
16831.278654,1177.227586,1177.230822,orig055 sync: 7 post-skip,d-14Nov10-e.au,55.0,Orig Sync,055 7 post-skip,,,,,,
16832.006763,1177.955695,1177.958931,track sync: 7 post-skip,d-14Nov10-e.au,55.0,Track Sync,055 7 post-skip,,,,,,
16852.989514,1198.938446,1198.94097,orig055 sync: 8 post-skip,d-14Nov10-e.au,55.0,Orig Sync,055 8 post-skip,,,,,,
16853.633269,1199.582201,1199.584725,track sync: 8 last in d-14Nov10-e,d-14Nov10-e.au,55.0,Track Sync,055 8 last in d-14Nov10-e,,,,,,
16854.051068,1200.0,1200.0,file end: d-14Nov10-e.au COMPLETE,d-14Nov10-e.au,55.0,File End,d-14Nov10-e.au COMPLETE,Secrets,John B,,,,
16854.051068,1200.0,1200.0,note d-14Nov10-f: ID055: John B - Secrets,d-14Nov10-e.au,55.0,TrackID,,Secrets,John B,,,,
16854.051068,1200.0,1200.0,note d-14Nov10-f: file start sync: d-14Nov10-f.au 15654.051068 verified 276-293b,d-14Nov10-e.au,55.0,Note,note d-14Nov10-f: file start sync: d-14Nov10-f.au 15654.051068 verified 276-293b,Secrets,John B,,,,
16866.010642,1211.959574,1211.964029,orig055 sync: 9 post-skip,d-14Nov10-e.au,55.0,Orig Sync,055 9 post-skip,,,,,,
16866.602629,1212.551561,1212.556016,note d-14Nov10-f: track sync: 9 d-14Nov10-f,d-14Nov10-e.au,55.0,Track Sync,055 9 d-14Nov10-f,,,,,,
16932.241231,1278.190163,1278.193727,orig055 sync: 10 post-skip,d-14Nov10-e.au,55.0,Orig Sync,055 10 post-skip,,,,,,
16932.577004,1278.525936,1278.529501,note d-14Nov10-f: track sync: 10 post-skip,d-14Nov10-e.au,55.0,Track Sync,055 10 post-skip,,,,,,
16977.332994,1323.281926,1323.288864,orig055 sync: 11 post-skip,d-14Nov10-e.au,55.0,Orig Sync,055 11 post-skip,,,,,,
16977.493130000003,1323.442062,1323.449,note d-14Nov10-f: track sync: 11 post-skip,d-14Nov10-e.au,55.0,Track Sync,055 11 post-skip,,,,,,
17018.599755,1364.548687,1364.550063,note d-14Nov10-f: track sync: B post-skip,d-14Nov10-e.au,55.0,Track Sync,055 B post-skip,,,,,,
17018.599755,1364.548687,1364.550063,orig055 sync: B post-skip,d-14Nov10-e.au,55.0,Orig Sync,055 B post-skip,,,0.9961183328523115,,,
17022.015709,1367.964641,1367.964641,note d-14Nov10-f: start056: ID: Optical - Grey Odyssey,d-14Nov10-e.au,56.0,TrackStart,,Grey Odyssey,Optical,,,,
17026.250765,1372.199697,1372.199697,note d-14Nov10-f: 055e10,d-14Nov10-e.au,56.0,Orig End,2.298611111111111,Grey Odyssey,Optical,,,,
17026.506978,1372.45591,1372.45591,note d-14Nov10-f: 055e9,d-14Nov10-e.au,56.0,Orig End,055: 9,Grey Odyssey,Optical,,,,
17026.506978,1372.45591,1372.45591,orig055 end: .,d-14Nov10-e.au,56.0,Orig End,055: .,Grey Odyssey,Optical,,,,
17026.558747,1372.507679,1372.507679,055e8,d-14Nov10-e.au,56.0,Orig End,055: 8,Grey Odyssey,Optical,,,,
17026.885165,1372.834097,1372.834097,055e6,d-14Nov10-e.au,56.0,Orig End,055: 6,Grey Odyssey,Optical,,,,
17027.468272000002,1373.417204,1373.417204,055e4,d-14Nov10-e.au,56.0,Orig End,055: 4,Grey Odyssey,Optical,,,,
17027.646956,1373.595888,1373.595888,055e3,d-14Nov10-e.au,56.0,Orig End,055: 3,Grey Odyssey,Optical,,,,
17027.797138,1373.74607,1373.74607,orig055 end: A post-skip,d-14Nov10-e.au,56.0,Orig End,055: A post-skip,Grey Odyssey,Optical,,,,
17421.472746,1767.421678,1767.874467,note d-14Nov10-f: note: SKIP (in sync with other files),d-14Nov10-e.au,56.0,Note,note d-14Nov10-f: note: SKIP (in sync with other files),Grey Odyssey,Optical,,,,
18054.051068,2400.0,2400.0,note d-14Nov10-f: file end: d-14Nov10-f.au,d-14Nov10-e.au,56.0,Note,note d-14Nov10-f: file end: d-14Nov10-f.au,Grey Odyssey,Optical,,,,
16464.837693,810.786625,810.786625,file start sync: d276-293b.wav 15654.051068 verified by d-14Nov10-e,d276-293b.wav,,File Start Sync,d276-293b.wav 15654.051068 verified by d-14Nov10-e,,Optical,,,,
16464.837693,810.786625,1200.0,file note: in sync with d-14Nov10-e over this range,d276-293b.wav,,File Note,in sync with d-14Nov10-e over this range,,Optical,,,,
16854.051068,1200.0,1949.856,file note: in sync with d-14Nov10-f over this range,d276-293b.wav,,File Note,in sync with d-14Nov10-f over this range,,Optical,,,,
17603.907068,1949.856,1949.856,file end: d276-293b.wav COMPLETE,d276-293b.wav,,File End,d276-293b.wav COMPLETE,,Optical,,,,
16097.475072000001,443.424004,443.424004,file start sync: d269-271b.wav 15654.051068 verified d-14Nov10-e,d269-271b.wav,,File Start Sync,d269-271b.wav 15654.051068 verified d-14Nov10-e,,Optical,,,,
16097.475072000001,443.424004,619.258504,file note: in sync with d-14Nov10-e over entire file,d269-271b.wav,,File Note,in sync with d-14Nov10-e over entire file,,Optical,,,,
16273.309572,619.258504,619.258504,file end: d269-271b.wav COMPLETE,d269-271b.wav,,File End,d269-271b.wav COMPLETE,,Optical,,,,
16036.323068000002,382.272,382.272,file start sync: d268-287.wav 15654.051068 verified d-14Nov10-e,d268-287.wav,,File Start Sync,d268-287.wav 15654.051068 verified d-14Nov10-e,,Optical,,,,
16036.323068000002,382.272,1050.24275,file note: in sync with d-14Nov10-e over this range,d268-287.wav,,File Note,in sync with d-14Nov10-e over this range,,Optical,,,,
16704.293813,1050.242745,1050.242745,file note: SKIP,d268-287.wav,,File Note,SKIP,,Optical,,,,
16704.293818000002,1050.24275,1051.68275,file note: SKIP ahead 1.440s,d268-287.wav,,File Note,SKIP ahead 1.440s,,Optical,,,,
16705.733818,1051.68275,1051.68275,file note: skip resume,d268-287.wav,,File Note,skip resume,,Optical,,,,
16705.733818,1051.68275,1200.0,file note: in sync with d-14Nov10-e over this range,d268-287.wav,,File Note,in sync with d-14Nov10-e over this range,,Optical,,,,
16854.051068,1200.0,1583.712,file note: in sync with d-14Nov10-f over this range,d268-287.wav,,File Note,in sync with d-14Nov10-f over this range,,Optical,,,,
17237.763068,1583.712,1583.712,file end: d268-287.wav COMPLETE,d268-287.wav,,File End,d268-287.wav COMPLETE,,Optical,,,,
16854.051068,0.0,0.0,file start sync: d-14Nov10-f.au 16854.051068 verified 276-293b,d-14Nov10-f.au,,File Start Sync,d-14Nov10-f.au 16854.051068 verified 276-293b,,,,,,
16854.051068,0.0,0.0,ID055: John B - Secrets,d-14Nov10-f.au,55.0,TrackID,,Secrets,John B,,,,
16866.010642,11.959574,11.964029,orig055 sync: 9 post-skip,d-14Nov10-f.au,55.0,Orig Sync,055 9 post-skip,,,0.9961183328523115,,,
16866.602629,12.551561,12.556016,track sync: 9 d-14Nov10-f,d-14Nov10-f.au,55.0,Track Sync,055 9 d-14Nov10-f,,,0.9961183328523115,,,
16932.241231,78.190163,78.193727,orig055 sync: 10 post-skip,d-14Nov10-f.au,55.0,Orig Sync,055 10 post-skip,,,0.9961183328523115,,,
16932.577004,78.525936,78.529501,track sync: 10 post-skip,d-14Nov10-f.au,55.0,Track Sync,055 10 post-skip,,,0.9961183328523115,,,
16977.332994,123.281926,123.288864,orig055 sync: 11 post-skip,d-14Nov10-f.au,55.0,Orig Sync,055 11 post-skip,,,0.9961183328523115,,,
16977.49313,123.442062,123.449,track sync: 11 post-skip,d-14Nov10-f.au,55.0,Track Sync,055 11 post-skip,,,0.9961183328523115,,,
17018.599755,164.548687,164.550063,orig055 sync: B post-skip,d-14Nov10-f.au,55.0,Orig Sync,055 B post-skip,,,-0.6754100705008792,,,
17018.599755,164.548687,164.550063,track sync: B post-skip,d-14Nov10-f.au,55.0,Track Sync,055 B post-skip,,,1.002631933371183,,,
17021.574533,167.523465,167.523465,orig056 start: .,d-14Nov10-f.au,55.0,Orig Start,056: .,Secrets,John B,,,,
17021.574556,167.523488,167.523488,056s4,d-14Nov10-f.au,55.0,Orig Start,056: 4,Secrets,John B,,,,
17021.576506,167.525438,167.525438,056s3,d-14Nov10-f.au,55.0,Orig Start,056: 3,Secrets,John B,,,,
17021.587504,167.536436,167.536436,056s2,d-14Nov10-f.au,55.0,Orig Start,056: 2,Secrets,John B,,,,
17021.759567,167.708499,167.708499,orig056 start: 1,d-14Nov10-f.au,55.0,Orig Start,056: 1,Secrets,John B,,,,
17021.759567,167.708499,537.097984,start056: ID: Optical - Grey Odyssey,d-14Nov10-f.au,56.0,TrackStart,,Grey Odyssey,Optical,,,,
17022.084175,168.033107,168.034147,orig056 sync: 1,d-14Nov10-f.au,56.0,Orig Sync,056 1,,,,,,
17022.269209000002,168.218141,168.219181,track sync: 1,d-14Nov10-f.au,56.0,Track Sync,056 1,,,,,,
17026.250765,172.199697,172.199697,055e10,d-14Nov10-f.au,56.0,Orig End,2.298611111111111,Grey Odyssey,Optical,,,,
17026.506978,172.45591,172.45591,055e9,d-14Nov10-f.au,56.0,Orig End,055: 9,Grey Odyssey,Optical,,,,
17026.506978,172.45591,172.45591,orig055 end: .,d-14Nov10-f.au,56.0,Orig End,055: .,Grey Odyssey,Optical,,,,
17026.558747,172.507679,172.507679,055e8,d-14Nov10-f.au,56.0,Orig End,055: 8,Grey Odyssey,Optical,,,,
17026.885165,172.834097,172.834097,055e6,d-14Nov10-f.au,56.0,Orig End,055: 6,Grey Odyssey,Optical,,,,
17027.468272000002,173.417204,173.417204,055e4,d-14Nov10-f.au,56.0,Orig End,055: 4,Grey Odyssey,Optical,,,,
17027.646956,173.595888,173.595888,055e3,d-14Nov10-f.au,56.0,Orig End,055: 3,Grey Odyssey,Optical,,,,
17027.797138,173.74607,173.74607,orig055 end: A post-skip,d-14Nov10-f.au,56.0,Orig End,055: A post-skip,Grey Odyssey,Optical,,,,
17066.312613000002,212.261545,212.262347,orig056 sync: 2 pre-skip,d-14Nov10-f.au,56.0,Orig Sync,056 2 pre-skip,,,,,,
17066.325583,212.274515,212.275317,track sync: 2 pre-skip,d-14Nov10-f.au,56.0,Track Sync,056 2 pre-skip,,,,,,
17069.103515,215.052447,215.057575,orig056 sync: 3,d-14Nov10-f.au,56.0,Orig Sync,056 3,,,,,,
17069.105488,215.05442,215.059547,track sync: 3 pre-skip,d-14Nov10-f.au,56.0,Track Sync,056 3 pre-skip,,,,,,
17069.635986,215.584918,215.585874,orig056 sync: 4 last pre-skip,d-14Nov10-f.au,56.0,Orig Sync,056 4 last pre-skip,,,,,,
17069.636008,215.58494,215.585896,track sync: 4 last pre-skip,d-14Nov10-f.au,56.0,Track Sync,056 4 last pre-skip,,,,,,
17069.640542,215.589474,215.589474,orig056 note: split to find skip in mix,d-14Nov10-f.au,56.0,Orig Note,056: split to find skip in mix,Grey Odyssey,Optical,,,,
17069.640565,215.589497,219.685332,note: SKIP back 4.096s,d-14Nov10-f.au,56.0,Note,SKIP back 4.096s,Grey Odyssey,Optical,,,,
17072.546064000002,218.494996,218.496428,orig056 sync: A post-skip,d-14Nov10-f.au,56.0,Orig Sync,056 A post-skip,,,,,,
17072.585819,218.534751,218.534751,orig056 note: resume from skip split,d-14Nov10-f.au,56.0,Orig Note,056: resume from skip split,Grey Odyssey,Optical,,,,
17073.782949,219.731881,219.733313,track sync: A post-skip,d-14Nov10-f.au,56.0,Track Sync,056 A post-skip,,,,,,
17136.695014,282.643946,283.244946,orig056 sync: 6 post-skip,d-14Nov10-f.au,56.0,Orig Sync,056 6 post-skip,,,,,,
17137.681068,283.63,284.231,track sync: 6 post-skip,d-14Nov10-f.au,56.0,Track Sync,056 6 post-skip,,,,,,
17237.763068,383.712,383.712,note d288-307: file start sync: d288-307.wav 16854.051068 verified d-14Nov10-f,d-14Nov10-f.au,56.0,Note,note d288-307: file start sync: d288-307.wav 16854.051068 verified d-14Nov10-f,Grey Odyssey,Optical,,,,
17237.763068,383.712,1200.0,note d288-307: file note: in sync with d-14Nov10-f over this range,d-14Nov10-f.au,56.0,Note,note d288-307: file note: in sync with d-14Nov10-f over this range,Grey Odyssey,Optical,,,,
17254.165497,400.114429,400.716429,orig056 sync: 7 post-skip,d-14Nov10-f.au,56.0,Orig Sync,056 7 post-skip,,,,,,
17254.694068,400.643,401.245,track sync: 7 post-skip,d-14Nov10-f.au,56.0,Track Sync,056 7 post-skip,,,,,,
17279.320331,425.269263,425.270519,orig056 note: script align range 1,d-14Nov10-f.au,56.0,Orig Note,056: script align range 1,Grey Odyssey,Optical,,,,
17279.320827,425.269759,425.269759,orig056 note: script align point 1 - (4m18s7848 - 3s12817(due to skip)),d-14Nov10-f.au,56.0,Orig Note,056: script align point 1 - (4m18s7848 - 3s12817(due to skip)),Grey Odyssey,Optical,,,,
17279.752009,425.700941,425.702197,note: script align range 1 (manual),d-14Nov10-f.au,56.0,Note,script align range 1 (manual),Grey Odyssey,Optical,,,,
17279.752505,425.701437,425.701437,NOTE: script align point 1 (07:05 + 30933 samples),d-14Nov10-f.au,56.0,Note,NOTE: script align point 1 (07:05 + 30933 samples),Grey Odyssey,Optical,,,,
17390.068815000002,536.017747,536.018507,orig056 sync: B end,d-14Nov10-f.au,56.0,Orig Sync,056 B end,,,,,,
17390.068815000002,536.017747,536.018507,track sync: B end,d-14Nov10-f.au,56.0,Track Sync,056 B end,,,0.9961045783456318,,,
17390.069193,536.018125,536.018125,note: peak,d-14Nov10-f.au,56.0,Note,peak,Grey Odyssey,Optical,,,,
17390.815355,536.764287,536.764287,orig057 start: 3,d-14Nov10-f.au,56.0,Orig Start,057: 3,Grey Odyssey,Optical,,,,
17390.815356,536.764288,536.764288,057s3,d-14Nov10-f.au,56.0,Orig Start,057: 3,Grey Odyssey,Optical,,,,
17390.815628,536.76456,536.76456,057s2,d-14Nov10-f.au,56.0,Orig Start,057: 2,Grey Odyssey,Optical,,,,
17390.934741,536.883673,536.883673,orig057 start: 1,d-14Nov10-f.au,56.0,Orig Start,057: 1,Grey Odyssey,Optical,,,,
17391.048056,536.996988,536.997739,orig057 sync: A very start,d-14Nov10-f.au,57.0,Orig Sync,057 A very start,,,,,,
17391.149052,537.097984,799.991375,start057: ID: Matrix - Mute,d-14Nov10-f.au,57.0,TrackStart,,Mute,Matrix,,,,
17391.167442,537.116374,537.117125,track sync: 1 very start,d-14Nov10-f.au,57.0,Track Sync,057 1 very start,,,,,,
17391.167702,537.116634,537.116749,note: peak,d-14Nov10-f.au,57.0,Note,peak,Mute,Matrix,,,,
17392.014486,537.963418,537.963418,orig057 note: manual script align point 0 (8:56 + 38805 samples),d-14Nov10-f.au,57.0,Orig Note,057: manual script align point 0 (8:56 + 38805 samples),Mute,Matrix,,,,
17392.13013,538.079062,538.079062,NOTE: script align point 0 (08:58 + 3486 samples),d-14Nov10-f.au,57.0,Note,NOTE: script align point 0 (08:58 + 3486 samples),Mute,Matrix,,,,
17392.163682000002,538.112614,538.112614,ORIG057 NOTE: script align point 0 (08:58 + 10225 samples),d-14Nov10-f.au,57.0,Orig NOTE,057: script align point 0 (08:58 + 10225 samples),Mute,Matrix,,,,
17396.913506,542.862438,542.862438,orig056 end: B,d-14Nov10-f.au,57.0,Orig End,056: B,Mute,Matrix,,,,
17396.913506,542.862438,542.862438,orig056 end: B,d-14Nov10-f.au,57.0,Orig End,056: B,Mute,Matrix,,,,
17397.345184,543.294116,543.294116,orig056 note: end 056 for script align range 1,d-14Nov10-f.au,57.0,Orig Note,056: end 056 for script align range 1,Mute,Matrix,,,,
17397.442078,543.39101,543.39101,056e7,d-14Nov10-f.au,57.0,Orig End,056: 7,Mute,Matrix,,,,
17398.150391,544.099323,544.099323,056eA,d-14Nov10-f.au,57.0,Orig End,056: A,Mute,Matrix,,,,
17421.576027,567.524959,567.528053,orig057 sync: 2 pre-skip,d-14Nov10-f.au,57.0,Orig Sync,057 2 pre-skip,,,,,,
17421.5763,567.525232,567.528325,track sync: 2 pre-skip,d-14Nov10-f.au,57.0,Track Sync,057 2 pre-skip,,,,,,
17421.661253000002,567.610185,567.611372,orig057 sync: 3 just pre-skip,d-14Nov10-f.au,57.0,Orig Sync,057 3 just pre-skip,,,,,,
17421.661254000002,567.610186,567.611372,track sync: 3 just pre-skip,d-14Nov10-f.au,57.0,Track Sync,057 3 just pre-skip,,,,,,
17421.663881,567.612813,567.612813,orig057 note: split to find skip in mix,d-14Nov10-f.au,57.0,Orig Note,057: split to find skip in mix,Mute,Matrix,,,,
17421.663881,567.612813,573.523689,note: SKIP back 5.911s (in all files),d-14Nov10-f.au,57.0,Orig Start,911:  (in all files),Mute,Matrix,,,,
17426.707184,572.656116,572.656116,orig057 note: split resume,d-14Nov10-f.au,57.0,Orig Note,057: split resume,Mute,Matrix,,,,
17426.809561000002,572.758493,572.763559,orig057 sync: A post-skip,d-14Nov10-f.au,57.0,Orig Sync,057 A post-skip,,,,,,
17427.677135,573.626067,573.631133,track sync: A post-skip,d-14Nov10-f.au,57.0,Track Sync,057 A post-skip,,,,,,
17507.83751,653.786442,654.186442,orig057 sync: 5 post-skip,d-14Nov10-f.au,57.0,Orig Sync,057 5 post-skip,,,,,,
17508.388054,654.336986,654.736986,track sync: 5 post-skip,d-14Nov10-f.au,57.0,Track Sync,057 5 post-skip,,,,,,
17521.457967000002,667.406899,667.406899,ORIG057 NOTE: manually set script align point 1,d-14Nov10-f.au,57.0,Orig NOTE,057: manually set script align point 1,Mute,Matrix,,,,
17521.956131,667.905063,667.905063,NOTE: script align point 1 (11:07 + 39913 samples) fixed,d-14Nov10-f.au,57.0,Note,NOTE: script align point 1 (11:07 + 39913 samples) fixed,Mute,Matrix,,,,
17648.99744,794.946372,794.946563,orig057 sync: B post-skip,d-14Nov10-f.au,57.0,Orig Sync,057 B post-skip,,,,,,
17648.99744,794.946372,794.946563,track sync: B post-skip,d-14Nov10-f.au,57.0,Track Sync,057 B post-skip,,,0.9960953135521853,,,
17653.692807,799.641739,799.641739,orig058 start: 2,d-14Nov10-f.au,57.0,Orig Start,058: 2,Mute,Matrix,,,,
17653.692807,799.641739,799.643936,058s2?,d-14Nov10-f.au,57.0,Orig Start,058: 2?,Mute,Matrix,,,,
17653.695004,799.643936,799.643936,058s1,d-14Nov10-f.au,57.0,Orig Start,058: 1,Mute,Matrix,,,,
17653.793394,799.742326,799.742326,orig058 start: 2 (pre-skip),d-14Nov10-f.au,57.0,Orig Start,058: 2 (pre-skip),Mute,Matrix,,,,
17653.795593,799.744525,799.744525,058s1,d-14Nov10-f.au,57.0,Orig Start,058: 1,Mute,Matrix,,,,
17653.807113,799.756045,799.756045,orig058 start: 0,d-14Nov10-f.au,57.0,Orig Start,058: 0,Mute,Matrix,,,,
17653.944511,799.893443,799.893945,orig058 sync: 0 start,d-14Nov10-f.au,58.0,Orig Sync,058 0 start,,,,,,
17654.042443000002,799.991375,803.397794,orig057 note: this end range not in mix or not audible,d-14Nov10-f.au,57.0,Orig Note,057: this end range not in mix or not audible,Mute,Matrix,,,,
17654.042443000002,799.991375,1271.456929,start058: ID: Codename John - Deep Inside,d-14Nov10-f.au,58.0,TrackStart,,Deep Inside,Codename John,,,,
17654.058817,800.007749,800.008251,track sync: 0 start,d-14Nov10-f.au,58.0,Track Sync,058 0 start,,,,,,
17657.448661000002,803.397593,803.397593,orig057 end: B,d-14Nov10-f.au,58.0,Orig End,057: B,Deep Inside,Codename John,,,,
17657.448862,803.397794,803.397794,orig057 end: B,d-14Nov10-f.au,58.0,Orig End,057: B,Deep Inside,Codename John,,,,
17657.946824000002,803.895756,803.895756,057eSAP1,d-14Nov10-f.au,58.0,Orig End,057: SAP1,Deep Inside,Codename John,,,,
17657.999205,803.948137,803.948137,057e5,d-14Nov10-f.au,58.0,Orig End,057: 5,Deep Inside,Codename John,,,,
17658.316235000002,804.265167,804.265167,orig057 end: A post-skip,d-14Nov10-f.au,58.0,Orig End,057: A post-skip,Deep Inside,Codename John,,,,
17681.017495,826.966427,826.977927,orig058 sync: 1 pre-skip,d-14Nov10-f.au,58.0,Orig Sync,058 1 pre-skip,,,,,,
17681.019692,826.968624,826.980124,track sync: 1 pre-skip four spikes,d-14Nov10-f.au,58.0,Track Sync,058 1 pre-skip four spikes,,,,,,
17681.494484,827.443416,827.443912,orig058 sync: 2 just before skip,d-14Nov10-f.au,58.0,Orig Sync,058 2 just before skip,,,,,,
17681.595071,827.544003,827.544499,track sync: 2 just before skiip,d-14Nov10-f.au,58.0,Track Sync,058 2 just before skiip,,,,,,
17681.596758,827.54569,827.54569,orig058 note: split to find skip in mix (left side),d-14Nov10-f.au,58.0,Orig Note,058: split to find skip in mix (left side),Deep Inside,Codename John,,,,
17681.596758,827.54569,831.128093,note: SKIP back 3.582s (multiple files),d-14Nov10-f.au,58.0,Orig Start,582:  (multiple files),Deep Inside,Codename John,,,,
17683.500054,829.448986,829.448986,orig058 note: split resume,d-14Nov10-f.au,58.0,Orig Note,058: split resume,Deep Inside,Codename John,,,,
17683.877246,829.826178,829.826178,orig058 sync: A post-skip local peak,d-14Nov10-f.au,58.0,Orig Sync,058 A post-skip local peak,,,,,,
17685.556381000002,831.505313,831.505313,track sync: A post-skip local peak,d-14Nov10-f.au,58.0,Track Sync,058 A post-skip local peak,,,,,,
17728.766543,874.715475,874.764788,orig058 sync: 4 post-skip,d-14Nov10-f.au,58.0,Orig Sync,058 4 post-skip,,,,,,
17730.271755,876.220687,876.27,track sync: 4 post-skip,d-14Nov10-f.au,58.0,Track Sync,058 4 post-skip,,,,,,
17759.403329,905.352261,905.352261,"note: seems to diverge with orig here, but probably just signal loss due to slow stream",d-14Nov10-f.au,58.0,Note,"seems to diverge with orig here, but probably just signal loss due to slow stream",Deep Inside,Codename John,,,,
17787.422841,933.371773,933.375745,orig058 sync: 5 post-skip,d-14Nov10-f.au,58.0,Orig Sync,058 5 post-skip,,,,,,
17788.697077,934.646009,934.649982,track sync: 5 post-skip,d-14Nov10-f.au,58.0,Track Sync,058 5 post-skip,,,,,,
17952.643622,1098.592554,1098.596052,orig058 sync: 6 post-skip,d-14Nov10-f.au,58.0,Orig Sync,058 6 post-skip,,,,,,
17953.271441,1099.220373,1099.223871,track sync: 6 post-skip,d-14Nov10-f.au,58.0,Track Sync,058 6 post-skip,,,,,,
17953.272065,1099.220997,1099.220997,note: peak,d-14Nov10-f.au,58.0,Note,peak,Deep Inside,Codename John,,,,
18053.314186,1199.263118,1199.26462,orig058 sync: B end of d-14Nov10-f,d-14Nov10-f.au,58.0,Orig Sync,058 B end of d-14Nov10-f,,,,,,
18053.547995,1199.496927,1199.49843,track sync: B end of d-14Nov10-f,d-14Nov10-f.au,58.0,Track Sync,058 B end of d-14Nov10-f,,,0.9960877599300164,,,
18054.050867,1199.999799,1199.999799,file end: d-14Nov10-f.au COMPLETE,d-14Nov10-f.au,58.0,File End,d-14Nov10-f.au COMPLETE,Deep Inside,Codename John,,,,
18113.047077,1258.996009,1258.998776,note d288-307: track058 sync: 8 end,d-14Nov10-f.au,58.0,Track Sync,058 8 end,,,0.9960877599300164,,,
18113.047077,1258.996009,1258.998776,orig058 sync: 8 end,d-14Nov10-f.au,58.0,Orig Sync,058 8 end,,,0.9960877599300164,,,
18125.507998,1271.45693,1271.45693,note d288-307: orig059 start: A,d-14Nov10-f.au,58.0,Orig Start,059: A,Deep Inside,Codename John,,,,
18125.507998,1271.45693,1271.45693,note d288-307: start059: ID: Dillinja - Silver Blade,d-14Nov10-f.au,59.0,TrackStart,,Silver Blade,Dillinja,,,,
18125.743386000002,1271.692318,1271.693059,note d288-307: track sync: A start,d-14Nov10-f.au,59.0,Track Sync,059 A start,,,,,,
18127.681006,1273.629938,1273.629938,note d288-307: orig058 end: 8,d-14Nov10-f.au,59.0,Orig End,058: 8,Silver Blade,Dillinja,,,,
18127.681006,1273.629938,1273.629938,orig058 end: 8,d-14Nov10-f.au,59.0,Orig End,058: 8,Silver Blade,Dillinja,,,,
18127.914838,1273.86377,1273.86377,orig058 end: B,d-14Nov10-f.au,59.0,Orig End,058: B,Silver Blade,Dillinja,,,,
18128.308825,1274.257757,1274.257757,058e6,d-14Nov10-f.au,59.0,Orig End,058: 6,Silver Blade,Dillinja,,,,
18128.955243,1274.904175,1274.904175,058e5,d-14Nov10-f.au,59.0,Orig End,058: 5,Silver Blade,Dillinja,,,,
18129.360141,1275.309073,1275.309073,058eA,d-14Nov10-f.au,59.0,Orig End,058: A,Silver Blade,Dillinja,,,,
18167.125104,1313.074036,1316.199008,note d288-307: NOTE: SKIP,d-14Nov10-f.au,59.0,Note,note d288-307: NOTE: SKIP,Silver Blade,Dillinja,,,,
18437.763068,1583.712,1583.712,note d288-307: file end: d288-307.wav,d-14Nov10-f.au,59.0,Note,note d288-307: file end: d288-307.wav,Silver Blade,Dillinja,,,,
18437.763068,1583.712,1583.712,note d308-327: file start sync: d308-237.wav 16854.051068 not-verifiable but sounds v good,d-14Nov10-f.au,59.0,Note,note d308-327: file start sync: d308-237.wav 16854.051068 not-verifiable but sounds v good,Silver Blade,Dillinja,,,,
18538.65494,1684.603872,1685.458356,note d308-327: note: SKIP,d-14Nov10-f.au,59.0,Note,note d308-327: note: SKIP,Silver Blade,Dillinja,,,,
19254.051068,2400.0,2400.0,note d308-237: note: file start d-14Nov10-h,d-14Nov10-f.au,59.0,Note,note d308-237: note: file start d-14Nov10-h,Silver Blade,Dillinja,,,,
19637.763068,2783.712,2783.712,note d308-327: file end: d308-327.wav,d-14Nov10-f.au,59.0,Note,note d308-327: file end: d308-327.wav,Silver Blade,Dillinja,,,,
17237.763068,0.0,0.0,file start sync: d288-307.wav 17237.763068 verified d-14Nov10-f,d288-307.wav,,File Start Sync,d288-307.wav 17237.763068 verified d-14Nov10-f,,,,,,
17237.763068,0.0,816.288,file note: in sync with d-14Nov10-f over this range,d288-307.wav,,File Note,in sync with d-14Nov10-f over this range,,,,,,
17654.042443,416.279375,887.744929,start058: ID: Codename John - Deep Inside,d288-307.wav,58.0,TrackStart,,Deep Inside,Codename John,,,,
18054.050867,816.287799,816.287799,note: file end: d-14Nov10-f.au,d288-307.wav,58.0,Note,file end: d-14Nov10-f.au,Deep Inside,Codename John,,,,
18113.047077,875.284009,875.286776,orig058 sync: 8 end,d288-307.wav,58.0,Orig Sync,058 8 end,,,0.9960877599300164,,,
18113.047077,875.284009,875.286776,track058 sync: 8 end,d288-307.wav,58.0,Track Sync,058 8 end,,,0.9960877599300164,,,
18125.34156,887.578492,887.578492,orig059 start: 2,d288-307.wav,58.0,Orig Start,059: 2,Deep Inside,Codename John,,,,
18125.34156,887.578492,887.578492,orig059 start: 2,d288-307.wav,58.0,Orig Start,059: 2,Deep Inside,Codename John,,,,
18125.507998,887.74493,887.74493,orig059 start: 1,d288-307.wav,58.0,Orig Start,059: 1,Deep Inside,Codename John,,,,
18125.507998,887.74493,1256.944562,start059: ID: Dillinja - Silver Blade,d288-307.wav,59.0,TrackStart,,Silver Blade,Dillinja,,,,
18125.576949000002,887.813881,887.814622,orig059 sync: 1 start,d288-307.wav,59.0,Orig Sync,059 1 start,,,,,,
18125.743386000002,887.980318,887.981059,track sync: 1 start,d288-307.wav,59.0,Track Sync,059 1 start,,,,,,
18127.681006,889.917938,889.917938,orig058 end: 8,d288-307.wav,59.0,Orig End,058: 8,Silver Blade,Dillinja,,,,
18167.781568,930.0185,930.018999,orig059 sync: 2 pre-skip,d288-307.wav,59.0,Orig Sync,059 2 pre-skip,,,,,,
18167.781568,930.0185,930.018999,track sync: 2 pre-skip,d288-307.wav,59.0,Track Sync,059 2 pre-skip,,,,,,
18168.129542,930.366474,930.366474,orig059 note: split to find skip in mix,d288-307.wav,59.0,Orig Note,059: split to find skip in mix,Silver Blade,Dillinja,,,,
18168.129574,930.366506,932.436295,note: SKIP back 2.070s,d288-307.wav,59.0,Note,SKIP back 2.070s,Silver Blade,Dillinja,,,,
18168.953701,931.190633,931.190633,orig059 note: split resume,d288-307.wav,59.0,Orig Note,059: split resume,Silver Blade,Dillinja,,,,
18168.962153,931.199085,931.202471,orig059 sync: A post-skip,d288-307.wav,59.0,Orig Sync,059 A post-skip,,,,,,
18170.207816000002,932.444748,932.448134,track sync: A post-skip,d288-307.wav,59.0,Track Sync,059 A post-skip,,,,,,
18217.181544,979.418476,979.419669,orig059 sync: 4 post-skip,d288-307.wav,59.0,Orig Sync,059 4 post-skip,,,,,,
18218.238379,980.475311,980.476503,track sync: 4 post-skip,d288-307.wav,59.0,Track Sync,059 4 post-skip,,,,,,
18353.357864,1115.594796,1115.598129,orig059 sync: 5 post-skip,d288-307.wav,59.0,Orig Sync,059 5 post-skip,,,,,,
18353.881229,1116.118161,1116.121495,track sync: 5 post-skip,d288-307.wav,59.0,Track Sync,059 5 post-skip,,,,,,
18436.842316000002,1199.079248,1199.087503,orig059 sync: B post-skip end d288-307,d288-307.wav,59.0,Orig Sync,059 B post-skip end d288-307,,,,,,
18437.038629,1199.275561,1199.283816,track sync: B post-skip end d288-307,d288-307.wav,59.0,Track Sync,059 B post-skip end d288-307,,,0.9960827633212985,,,
18437.044871000002,1199.281803,1199.282027,note: peak,d288-307.wav,59.0,Note,peak,Silver Blade,Dillinja,,,,
18437.763068,1200.0,1200.0,file end: d288-307.wav COMPLETE,d288-307.wav,59.0,File End,d288-307.wav COMPLETE,Silver Blade,Dillinja,,,,
18437.763068,1200.0,1200.0,note d308-327: file start sync: d308-237.wav 17237.763068 verified by 059-Silver Blade,d288-307.wav,59.0,Note,note d308-327: file start sync: d308-237.wav 17237.763068 verified by 059-Silver Blade,Silver Blade,Dillinja,,,,
18486.925691,1249.162623,1249.163064,orig059 sync: 7 end,d288-307.wav,59.0,Orig Sync,059 7 end,,,0.9960827633212985,,,
18486.925691,1249.162623,1249.163064,track059 sync: 7 end,d288-307.wav,59.0,Track Sync,059 7 end,,,0.9960827633212985,,,
18494.70761,1256.944542,1256.944542,orig060 start: A,d288-307.wav,59.0,Orig Start,060: A,Silver Blade,Dillinja,,,,
18494.70761,1256.944542,1256.944542,start060: ID: Ed Rush & Fierce - Locust,d288-307.wav,60.0,TrackStart,,Locust,Ed Rush & Fierce,,,,
18495.106691,1257.343623,1257.345056,orig060 sync: A first wave,d288-307.wav,60.0,Orig Sync,060 A first wave,,,,,,
18495.106691,1257.343623,1257.345056,track sync: A first wave,d288-307.wav,60.0,Track Sync,060 A first wave,,,,,,
18495.107447,1257.344379,1257.344379,note: midway cross,d288-307.wav,60.0,Note,midway cross,Locust,Ed Rush & Fierce,,,,
18496.66039,1258.897322,1258.897322,orig059 end: 7,d288-307.wav,60.0,Orig End,059: 7,Locust,Ed Rush & Fierce,,,,
18496.66039,1258.897322,1258.897322,orig059 end: 7,d288-307.wav,60.0,Orig End,059: 7,Locust,Ed Rush & Fierce,,,,
18496.856703,1259.093635,1259.093635,059eB,d288-307.wav,60.0,Orig End,059: B,Locust,Ed Rush & Fierce,,,,
18496.856703,1259.093635,1259.093635,orig059 end: B,d288-307.wav,60.0,Orig End,059: B,Locust,Ed Rush & Fierce,,,,
18497.183755000002,1259.420687,1259.420687,059e5,d288-307.wav,60.0,Orig End,059: 5,Locust,Ed Rush & Fierce,,,,
18497.717225,1259.954157,1259.954157,059e4,d288-307.wav,60.0,Orig End,059: 4,Locust,Ed Rush & Fierce,,,,
18497.906053,1260.142985,1260.142985,059eA,d288-307.wav,60.0,Orig End,059: A,Locust,Ed Rush & Fierce,,,,
18538.65494,1300.891872,1301.746356,note d308-327: note: SKIP,d288-307.wav,60.0,Note,note d308-327: note: SKIP,Locust,Ed Rush & Fierce,,,,
19254.051068,2016.288,2016.288,note d308-237: note: file start d-14Nov10-h,d288-307.wav,60.0,Note,note d308-237: note: file start d-14Nov10-h,Locust,Ed Rush & Fierce,,,,
19637.763068,2400.0,2400.0,note d308-327: file end: d308-327.wav,d288-307.wav,60.0,Note,note d308-327: file end: d308-327.wav,Locust,Ed Rush & Fierce,,,,
18437.763068,0.0,0.0,file start sync: d308-327.wav 18437.763068 verified by 059-Silver Blade,d308-327.wav,,File Start Sync,d308-327.wav 18437.763068 verified by 059-Silver Blade,,,,,,
18125.507998,-312.25507,56.944562,start059: ID: Dillinja - Silver Blade,d308-327.wav,59.0,TrackStart,,Silver Blade,Dillinja,,,,
18486.925691,49.162623,49.163064,track059 sync: 7 end,d308-327.wav,59.0,Track Sync,059 7 end,,,0.9960827633212985,,,
18494.535864,56.772796,56.772796,060s3,d308-327.wav,59.0,Orig Start,060: 3,Silver Blade,Dillinja,,,,
18494.535864,56.772796,56.772796,orig060 start: 3,d308-327.wav,59.0,Orig Start,060: 3,Silver Blade,Dillinja,,,,
18494.536884,56.773816,56.773816,060s2,d308-327.wav,59.0,Orig Start,060: 2,Silver Blade,Dillinja,,,,
18494.70761,56.944542,56.944542,orig060 start: 1,d308-327.wav,59.0,Orig Start,060: 1,Silver Blade,Dillinja,,,,
18494.70761,56.944542,584.944312,start060: ID: Ed Rush & Fierce - Locust,d308-327.wav,60.0,TrackStart,,Locust,Ed Rush & Fierce,,,,
18494.934945,57.171877,57.17331,orig060 sync: 1 first wave,d308-327.wav,60.0,Orig Sync,060 1 first wave,,,,,,
18495.106691,57.343623,57.345056,track sync: 1 first wave,d308-327.wav,60.0,Track Sync,060 1 first wave,,,,,,
18495.107447,57.344379,57.344379,note: midway cross,d308-327.wav,60.0,Note,midway cross,Locust,Ed Rush & Fierce,,,,
18496.66039,58.897322,58.897322,orig059 end: 7,d308-327.wav,60.0,Orig End,059: 7,Locust,Ed Rush & Fierce,,,,
18496.856703,59.093635,59.093635,059eB,d308-327.wav,60.0,Orig End,059: B,Locust,Ed Rush & Fierce,,,,
18538.422116,100.659048,100.670019,orig060 sync: 2 pre-skip,d308-327.wav,60.0,Orig Sync,060 2 pre-skip,,,,,,
18538.423136,100.660068,100.671039,track sync: 2 pre-skip,d308-327.wav,60.0,Track Sync,060 2 pre-skip,,,,,,
18538.428684,100.665616,100.665685,note: crossing,d308-327.wav,60.0,Note,crossing,Locust,Ed Rush & Fierce,,,,
18538.72862,100.965552,100.966627,orig060 sync: 3 pre-skip,d308-327.wav,60.0,Orig Sync,060 3 pre-skip,,,,,,
18538.72862,100.965552,100.966627,track sync: 3 pre-skip,d308-327.wav,60.0,Track Sync,060 3 pre-skip,,,,,,
18538.824691,101.061623,101.061623,orig060 note: split here to find skip in mix,d308-327.wav,60.0,Orig Note,060: split here to find skip in mix,Locust,Ed Rush & Fierce,,,,
18538.824691,101.061623,102.945517,note: SKIP back 1.884s,d308-327.wav,60.0,Note,SKIP back 1.884s,Locust,Ed Rush & Fierce,,,,
18538.826227,101.063159,101.063159,orig060 note: resume from skip,d308-327.wav,60.0,Orig Note,060: resume from skip,Locust,Ed Rush & Fierce,,,,
18538.965208,101.20214,101.207642,orig060 sync: A post-skip,d308-327.wav,60.0,Orig Sync,060 A post-skip,,,,,,
18540.847566,103.084498,103.09,track sync: A post-skip,d308-327.wav,60.0,Track Sync,060 A post-skip,,,,,,
18623.653731,185.890663,185.892228,orig060 sync: 5 post-skip,d308-327.wav,60.0,Orig Sync,060 5 post-skip,,,,,,
18625.204253,187.441185,187.442749,track sync: 5 post-skip,d308-327.wav,60.0,Track Sync,060 5 post-skip,,,,,,
18675.171007,237.407939,237.407939,note: file start d316-335.wav,d308-327.wav,60.0,Note,file start d316-335.wav,Locust,Ed Rush & Fierce,,,,
18676.736571,238.973503,238.97432,orig060 sync: 6 post-skip,d308-327.wav,60.0,Orig Sync,060 6 post-skip,,,,,,
18678.078816,240.315748,240.316565,track sync: 6 post-skip,d308-327.wav,60.0,Track Sync,060 6 post-skip,,,,,,
18792.41232,354.649252,354.65271,orig060 sync: 7 post-skip,d308-327.wav,60.0,Orig Sync,060 7 post-skip,,,,,,
18793.300483,355.537415,355.540873,track sync: 7,d308-327.wav,60.0,Track Sync,060 7,,,,,,
18816.091632,378.328564,378.330624,note: d316 sync,d308-327.wav,60.0,Note,d316 sync,Locust,Ed Rush & Fierce,,,,
18922.449874,484.686806,484.690243,orig060 sync: 8 post-skip,d308-327.wav,60.0,Orig Sync,060 8 post-skip,,,,,,
18922.82713,485.064062,485.067499,track sync: 8 post-skip,d308-327.wav,60.0,Track Sync,060 8 post-skip,,,,,,
19018.567566,580.804498,580.805564,orig060 sync: B post-skip end,d308-327.wav,60.0,Orig Sync,060 B post-skip end,,,,,,
19018.567566,580.804498,580.805564,track sync: B post-skip end,d308-327.wav,60.0,Track Sync,060 B post-skip end,,,0.9960751694219151,,,
19022.593071,584.830003,584.830003,061s3,d308-327.wav,60.0,Orig Start,061: 3,Locust,Ed Rush & Fierce,,,,
19022.593071,584.830003,584.830003,orig061 start: 3,d308-327.wav,60.0,Orig Start,061: 3,Locust,Ed Rush & Fierce,,,,
19022.70738,584.944312,584.944312,orig061 start: 1,d308-327.wav,60.0,Orig Start,061: 1,Locust,Ed Rush & Fierce,,,,
19022.70738,584.944312,953.159819,start061: ID: Codename John feat. Grooverider - Warned,d308-327.wav,61.0,TrackStart,,Warned,Codename John feat. Grooverider,,,,
19022.813633,585.050565,585.052457,orig061 sync: 1 start,d308-327.wav,61.0,Orig Sync,061 1 start,,,,,,
19022.927942000002,585.164874,585.166766,track sync: 1 start,d308-327.wav,61.0,Track Sync,061 1 start,,,,,,
19024.84922,587.086152,587.086152,orig060 end: B,d308-327.wav,61.0,Orig End,060: B,Warned,Codename John feat. Grooverider,,,,
19024.84922,587.086152,587.086152,orig060 end: B,d308-327.wav,61.0,Orig End,060: B,Warned,Codename John feat. Grooverider,,,,
19025.226476,587.463408,587.463408,060e8,d308-327.wav,61.0,Orig End,060: 8,Warned,Codename John feat. Grooverider,,,,
19025.737383,587.974315,587.974315,060e7,d308-327.wav,61.0,Orig End,060: 7,Warned,Codename John feat. Grooverider,,,,
19026.191465,588.428397,588.428397,060e6,d308-327.wav,61.0,Orig End,060: 6,Warned,Codename John feat. Grooverider,,,,
19026.399742,588.636674,588.636674,060e5,d308-327.wav,61.0,Orig End,060: 5,Warned,Codename John feat. Grooverider,,,,
19026.731578,588.96851,588.96851,060eA,d308-327.wav,61.0,Orig End,060: A,Warned,Codename John feat. Grooverider,,,,
19051.388362,613.625294,613.628547,orig061 sync: 2 pre-skip,d308-327.wav,61.0,Orig Sync,061 2 pre-skip,,,,,,
19051.39038,613.627312,613.630565,track sync: 2 pre-skip,d308-327.wav,61.0,Track Sync,061 2 pre-skip,,,,,,
19051.91206,614.148992,614.15312,orig061 sync: 3 immediate pre-skip,d308-327.wav,61.0,Orig Sync,061 3 immediate pre-skip,,,,,,
19051.91206,614.148992,614.15312,track sync: 3 immediate pre-skip,d308-327.wav,61.0,Track Sync,061 3 immediate pre-skip,,,,,,
19051.918377,614.155309,616.22642,note: SKIP back 2.071s (multiple files),d308-327.wav,61.0,Orig Start,071:  (multiple files),Warned,Codename John feat. Grooverider,,,,
19051.91838,614.155312,614.155312,orig061 note: split to find skip in mix,d308-327.wav,61.0,Orig Note,061: split to find skip in mix,Warned,Codename John feat. Grooverider,,,,
19052.675115000002,614.912047,614.912047,orig061 note: split resume,d308-327.wav,61.0,Orig Note,061: split resume,Warned,Codename John feat. Grooverider,,,,
19052.696929,614.933861,614.939734,orig061 sync: A post-skip,d308-327.wav,61.0,Orig Sync,061 A post-skip,,,,,,
19054.011305,616.248237,616.25411,track sync: A post-skip,d308-327.wav,61.0,Track Sync,061 A post-skip,,,,,,
19100.955466,663.192398,669.013337,"note: ""This is a warning warning warning...""",d308-327.wav,61.0,Note,"""This is a warning warning warning...""",Warned,Codename John feat. Grooverider,,,,
19145.404315,707.641247,707.645578,orig061 sync: 5 post-skip,d308-327.wav,61.0,Orig Sync,061 5 post-skip,,,,,,
19146.354565,708.591497,708.595828,track sync: 5 post-skip,d308-327.wav,61.0,Track Sync,061 5 post-skip,,,,,,
19254.051068,816.288,816.288,note: file start d-14Nov10-h,d308-327.wav,61.0,Note,file start d-14Nov10-h,Warned,Codename John feat. Grooverider,,,,
19257.018261,819.255193,819.260828,orig061 sync: 6 post-skip,d308-327.wav,61.0,Orig Sync,061 6 post-skip,,,,,,
19257.530188,819.76712,819.772755,track sync: 6 post-skip,d308-327.wav,61.0,Track Sync,061 6 post-skip,,,,,,
19387.359349,949.596281,949.603444,orig061 sync: B post-skip end,d308-327.wav,61.0,Orig Sync,061 B post-skip end,,,,,,
19387.359349,949.596281,949.603444,track sync: B post-skip end,d308-327.wav,61.0,Track Sync,061 B post-skip end,,,0.9960725318367086,,,
19390.719213,952.956145,952.956145,orig062 start: A,d308-327.wav,61.0,Orig Start,062: A,Warned,Codename John feat. Grooverider,,,,
19390.922887,953.159819,953.159819,orig062 start: 1,d308-327.wav,61.0,Orig Start,062: 1,Warned,Codename John feat. Grooverider,,,,
19390.922887,953.159819,1426.945685,start062: ID: Boymerang - Still,d308-327.wav,62.0,TrackStart,,Still,Boymerang,,,,
19390.947144,953.184076,953.185079,orig062 sync: 1 start,d308-327.wav,62.0,Orig Sync,062 1 start,,,,,,
19391.150818000002,953.38775,953.388752,track sync: 1 start,d308-327.wav,62.0,Track Sync,062 1 start,,,,,,
19394.941643000002,957.178575,957.178575,orig061 end: B,d308-327.wav,62.0,Orig End,061: B,Still,Boymerang,,,,
19394.941643000002,957.178575,957.178575,orig061 end: B,d308-327.wav,62.0,Orig End,061: B,Still,Boymerang,,,,
19395.45357,957.690502,957.690502,061e6,d308-327.wav,62.0,Orig End,061: 6,Still,Boymerang,,,,
19395.891892,958.128824,958.128824,061e5,d308-327.wav,62.0,Orig End,061: 5,Still,Boymerang,,,,
19396.256019,958.492951,958.492951,061eA,d308-327.wav,62.0,Orig End,061: A,Still,Boymerang,,,,
19418.540726,980.777658,980.77821,orig062 sync: 2 pre-skip,d308-327.wav,62.0,Orig Sync,062 2 pre-skip,,,,,,
19418.636009,980.872941,980.873493,track sync: 2 pre-skip,d308-327.wav,62.0,Track Sync,062 2 pre-skip,,,,,,
19418.651059,980.887991,980.887991,orig062 note: split here to find skip in mix,d308-327.wav,62.0,Orig Note,062: split here to find skip in mix,Still,Boymerang,,,,
19418.651059,980.887991,984.843691,note: SKIP back 3.956s (multiple files),d308-327.wav,62.0,Orig Start,956:  (multiple files),Still,Boymerang,,,,
19420.883499,983.120431,983.120431,orig062 note: resume from split (fixed by 39091 samples),d308-327.wav,62.0,Orig Note,062: resume from split (fixed by 39091 samples),Still,Boymerang,,,,
19420.899922,983.136854,983.137676,orig062 sync: A post-split,d308-327.wav,62.0,Orig Sync,062 A post-split,,,,,,
19421.769925,984.006857,984.006857,orig062 note: resume from split,d308-327.wav,62.0,Orig Note,062: resume from split,Still,Boymerang,,,,
19421.78634,984.023272,984.024089,orig062 sync: A post-skip,d308-327.wav,62.0,Orig Sync,062 A post-skip,,,,,,
19422.623687,984.860619,984.86144,track sync: A post-split (fixed by 39091 samples),d308-327.wav,62.0,Track Sync,062 A post-split (fixed by 39091 samples),,,,,,
19510.328356,1072.565288,1072.567601,orig062 sync: 4 post-skip,d308-327.wav,62.0,Orig Sync,062 4 post-skip,,,,,,
19511.700692,1073.937624,1073.939937,track sync: 4 post-skip,d308-327.wav,62.0,Track Sync,062 4 post-skip,,,,,,
19633.982514,1196.219446,1196.225433,orig062 sync: B post-skip end-of-d308,d308-327.wav,62.0,Orig Sync,062 B post-skip end-of-d308,,,,,,
19634.869382,1197.106314,1197.1123,track sync: B post-skip end-of-d308,d308-327.wav,62.0,Track Sync,062 B post-skip end-of-d308,,,1.0002333736705358,,,
19636.876651,1199.113583,1199.113583,file end: d308-327.wav COMPLETE,d308-327.wav,62.0,File End,d308-327.wav COMPLETE,Still,Boymerang,,,,
19637.763068,1200.0,1200.0,note d328-342: file start sync: d328-342.wav 18437.763068 verified d-14Nov10-h d316-335,d308-327.wav,62.0,Note,note d328-342: file start sync: d328-342.wav 18437.763068 verified d-14Nov10-h d316-335,Still,Boymerang,,,,
19751.874026,1314.110958,1314.113389,orig062 sync: 6,d308-327.wav,62.0,Orig Sync,062 6,,,1.0002333736705358,,,
19752.296952,1314.533884,1314.536315,note d328-342: track sync: 6 new file,d308-327.wav,62.0,Track Sync,062 6 new file,,,1.0002333736705358,,,
19859.420632,1421.657564,1421.659778,note d328-342: track sync: 7 end,d308-327.wav,62.0,Track Sync,062 7 end,,,1.0002333736705358,,,
19859.420632,1421.657564,1421.659778,orig062 sync: 7 end,d308-327.wav,62.0,Orig Sync,062 7 end,,,1.0002333736705358,,,
19864.70876,1426.945692,1426.945692,note d328-342: orig063 start: A,d308-327.wav,62.0,Orig Start,063: A,Still,Boymerang,,,,
19864.70876,1426.945692,1426.945692,note d328-342: start062: Lemon D City Lights,d308-327.wav,62.0,Note,note d328-342: start062: Lemon D City Lights,Still,Boymerang,,,,
19864.70876,1426.945692,1426.945692,orig063 start: .,d308-327.wav,62.0,Orig Start,063: .,Still,Boymerang,,,,
19864.936202,1427.173134,1427.175398,note d328-342: track sync: A start,d308-327.wav,62.0,Track Sync,062 A start,,,-1.0842175693516498,,,
19867.021713000002,1429.258645,1429.258645,orig062 end: 7,d308-327.wav,62.0,Orig End,062: 7,Still,Boymerang,,,,
19867.064905,1429.301837,1429.301837,note d328-342: orig062 end: 7,d308-327.wav,62.0,Orig End,062: 7,Still,Boymerang,,,,
19867.951772,1430.188704,1430.188704,orig062 end: B,d308-327.wav,62.0,Orig End,062: B,Still,Boymerang,,,,
19868.43724,1430.674172,1430.674172,062e4,d308-327.wav,62.0,Orig End,062: 4,Still,Boymerang,,,,
19868.788669,1431.025601,1431.025601,062eA,d308-327.wav,62.0,Orig End,062: A,Still,Boymerang,,,,
20515.875068,2078.112,2078.112,note d328-342: file end: d328-342.wav,d308-327.wav,62.0,Note,note d328-342: file end: d328-342.wav,Still,Boymerang,,,,
18675.171007,237.407939,237.407939,file start sync: d316-335.wav 18437.763068 verified d308-327,d316-335.wav,,File Start Sync,d316-335.wav 18437.763068 verified d308-327,,Boymerang,,,,
18675.171007,237.407939,1200.0,file note: in sync with d308-327 over this range,d316-335.wav,,File Note,in sync with d308-327 over this range,,Boymerang,,,,
19637.763068,1200.0,1437.407939,file note: in sync with d328-342 over this range,d316-335.wav,,File Note,in sync with d328-342 over this range,,Boymerang,,,,
19875.171007,1437.407939,1437.407939,file end: d316-335.wav COMPLETE,d316-335.wav,,File End,d316-335.wav COMPLETE,,Boymerang,,,,
19254.051068,816.288,816.288,file start sync: d-14Nov10-h.au 18437.763068 verified d308-327,d-14Nov10-h.au,,File Start Sync,d-14Nov10-h.au 18437.763068 verified d308-327,,Boymerang,,,,
19254.051068,816.288,1200.0,file note: in sync with d308-327 over this range,d-14Nov10-h.au,,File Note,in sync with d308-327 over this range,,Boymerang,,,,
19637.763068,1200.0,1602.2075,file note: in sync with d328-342 over this range,d-14Nov10-h.au,,File Note,in sync with d328-342 over this range,,Boymerang,,,,
20039.970568,1602.2075,1602.2075,file end: d-14Nov10-h.au COMPLETE,d-14Nov10-h.au,,File End,d-14Nov10-h.au COMPLETE,,Boymerang,,,,
19637.763068,0.0,0.0,file start sync: d328-342.wav 19637.763068 verified d-14Nov10-h d316-335,d328-342.wav,,File Start Sync,d328-342.wav 19637.763068 verified d-14Nov10-h d316-335,,,,,,
19390.922887,-246.840181,226.945692,start062: ID: Boymerang - Still,d328-342.wav,62.0,TrackStart,,Still,Boymerang,,,,
19751.874026,114.110958,114.113389,orig062 sync: 6,d328-342.wav,62.0,Orig Sync,062 6,,,-1.0842175693516498,,,
19752.296952,114.533884,114.536315,track sync: 6 new file,d328-342.wav,62.0,Track Sync,062 6 new file,,,-1.0842175693516498,,,
19859.420632,221.657564,221.659778,orig062 sync: 7 end,d328-342.wav,62.0,Orig Sync,062 7 end,,,-1.0842175693516498,,,
19859.420632,221.657564,221.659778,track sync: 7 end,d328-342.wav,62.0,Track Sync,062 7 end,,,-1.0842175693516498,,,
19864.612819,226.849751,226.849751,063s2,d328-342.wav,62.0,Orig Start,063: 2,Still,Boymerang,,,,
19864.612826,226.849758,226.849758,orig063 start: 2,d328-342.wav,62.0,Orig Start,063: 2,Still,Boymerang,,,,
19864.70876,226.945692,226.945692,orig063 start: 1,d328-342.wav,62.0,Orig Start,063: 1,Still,Boymerang,,,,
19864.70876,226.945692,634.825944,start063: ID: Lemon D - City Lights,d328-342.wav,63.0,TrackStart,,City Lights,Lemon D,,,,
19864.936202,227.173134,227.175398,track sync: 1 start,d328-342.wav,63.0,Track Sync,063 1 start,,,,,,
19867.021713000002,229.258645,229.258645,orig062 end: 7,d328-342.wav,63.0,Orig End,062: 7,City Lights,Lemon D,,,,
19867.064905,229.301837,229.301837,orig062 end: 7,d328-342.wav,63.0,Orig End,062: 7,City Lights,Lemon D,,,,
19875.171068,237.408,237.408,note d336-355: file start sync: d336-355.wav 19637.763068 verified d328-342,d328-342.wav,63.0,Note,note d336-355: file start sync: d336-355.wav 19637.763068 verified d328-342,City Lights,Lemon D,,,,
19875.171068,237.408,237.408,note: file start d336-355,d328-342.wav,63.0,Note,file start d336-355,City Lights,Lemon D,,,,
19875.171068,237.408,630.247625,note d336-355: file note: in sync with d328-342 over this range,d328-342.wav,63.0,Note,note d336-355: file note: in sync with d328-342 over this range,City Lights,Lemon D,,,,
19889.019568,251.2565,251.266685,orig063 sync: 2 pre-skip,d328-342.wav,63.0,Orig Sync,063 2 pre-skip,,,,,,
19889.019568,251.2565,251.266685,track sync: 2 pre-skip,d328-342.wav,63.0,Track Sync,063 2 pre-skip,,,,,,
19889.434132,251.671064,251.671064,orig063 note: split to find skip in mix,d328-342.wav,63.0,Orig Note,063: split to find skip in mix,City Lights,Lemon D,,,,
19889.434132,251.671064,253.949786,note: SKIP back 2.279s (multiple files),d328-342.wav,63.0,Orig Start,279:  (multiple files),City Lights,Lemon D,,,,
19890.212456,252.449388,252.449388,orig063 note: resume from split,d328-342.wav,63.0,Orig Note,063: resume from split,City Lights,Lemon D,,,,
19890.520799,252.757731,252.760489,orig063 sync: A post-skip,d328-342.wav,63.0,Orig Sync,063 A post-skip,,,,,,
19892.021195,254.258127,254.260885,track sync: A post-skip,d328-342.wav,63.0,Track Sync,063 A post-skip,,,,,,
19956.036493,318.273425,318.275872,orig063 sync: 4 post-skip,d328-342.wav,63.0,Orig Sync,063 4 post-skip,,,,,,
19957.279192,319.516124,319.51857,track sync: 4 post-skip,d328-342.wav,63.0,Track Sync,063 4 post-skip,,,,,,
20074.051672,436.288604,436.290997,orig063 sync: 5,d328-342.wav,63.0,Orig Sync,063 5,,,,,,
20074.829994,437.066926,437.069319,track sync: 5 post-skip,d328-342.wav,63.0,Track Sync,063 5 post-skip,,,,,,
20103.289628,465.52656,465.527001,note: sync d336-355,d328-342.wav,63.0,Note,sync d336-355,City Lights,Lemon D,,,,
20228.556006,590.792938,590.794755,orig063 sync: 6 post-skip,d328-342.wav,63.0,Orig Sync,063 6 post-skip,,,,,,
20228.726255,590.963187,590.965004,track sync: 6 post-skip,d328-342.wav,63.0,Track Sync,063 6 post-skip,,,,,,
20268.010693,630.247625,631.495625,note d336-355: file note: SKIP ahead 1.248s,d328-342.wav,63.0,Note,note d336-355: file note: SKIP ahead 1.248s,City Lights,Lemon D,,,,
20269.258693,631.495625,878.112,note d336-355: file note: in sync with d328-342 over this range,d328-342.wav,63.0,Note,note d336-355: file note: in sync with d328-342 over this range,City Lights,Lemon D,,,,
20271.830126,634.067058,634.070125,orig063 sync: B post-skip end,d328-342.wav,63.0,Orig Sync,063 B post-skip end,,,,,,
20271.830126,634.067058,634.070125,track sync: B post-skip end,d328-342.wav,63.0,Track Sync,063 B post-skip end,,,0.9960651473914773,,,
20272.547259,634.784191,636.496646,orig063 note: end 1.712s range not used in mix,d328-342.wav,63.0,Orig Note,063: end 1.712s range not used in mix,City Lights,Lemon D,,,,
20272.589012,634.825944,668.945061,start064: ID: Net Radio - Promo7 Club Groove,d328-342.wav,64.0,TrackStart,,Promo7 Club Groove,Net Radio,,,,
20274.259714,636.496646,636.496646,orig063 end: B,d328-342.wav,64.0,Orig End,063: B,Promo7 Club Groove,Net Radio,,,,
20274.259714,636.496646,636.496646,orig063 end: B,d328-342.wav,64.0,Orig End,063: B,Promo7 Club Groove,Net Radio,,,,
20274.429964,636.666896,636.666896,063e6,d328-342.wav,64.0,Orig End,063: 6,Promo7 Club Groove,Net Radio,,,,
20275.038036,637.274968,637.274968,063e5,d328-342.wav,64.0,Orig End,063: 5,Promo7 Club Groove,Net Radio,,,,
20275.502413000002,637.739345,637.739345,063e4,d328-342.wav,64.0,Orig End,063: 4,Promo7 Club Groove,Net Radio,,,,
20275.76011,637.997042,637.997042,063eA,d328-342.wav,64.0,Orig End,063: A,Promo7 Club Groove,Net Radio,,,,
20306.625608,668.86254,668.86254,065s1,d328-342.wav,64.0,Orig Start,065: 1,Promo7 Club Groove,Net Radio,,,,
20306.708129,668.945061,1030.054221,start065: ID: Dr. Know - Make Me Feel,d328-342.wav,65.0,TrackStart,,Make Me Feel,Dr. Know,,,,
20307.057737,669.294669,669.294669,065s0,d328-342.wav,65.0,Orig Start,065: 0,Make Me Feel,Dr. Know,,,,
20307.188014,669.424946,669.424946,track sync: 0 start,d328-342.wav,65.0,Track Sync,065 0 start,,,,,,
20309.275468,671.5124,671.5124,orig065 start: 5,d328-342.wav,65.0,Orig Start,065: 5,Make Me Feel,Dr. Know,,,,
20309.275468,671.5124,671.5124,orig065 start: 5,d328-342.wav,65.0,Orig Start,065: 5,Make Me Feel,Dr. Know,,,,
20309.405745,671.642677,671.642677,orig065 sync: 0 start,d328-342.wav,65.0,Orig Sync,065 0 start,,,,,,
20309.531004,671.767936,671.944797,track sync: 1 first tone change,d328-342.wav,65.0,Track Sync,065 1 first tone change,,,,,,
20312.180864,674.417796,674.594657,orig065 sync: 1,d328-342.wav,65.0,Orig Sync,065 1,,,,,,
20313.021793,675.258725,675.258725,note: tone change 2,d328-342.wav,65.0,Note,tone change 2,Make Me Feel,Dr. Know,,,,
20316.384288,678.62122,678.62122,orig065 note: tone change 2,d328-342.wav,65.0,Orig Note,065: tone change 2,Make Me Feel,Dr. Know,,,,
20331.144445,693.381377,693.381377,"note: not inverted, very slowed, mix zero point shifted down?",d328-342.wav,65.0,Note,"not inverted, very slowed, mix zero point shifted down?",Make Me Feel,Dr. Know,,,,
20331.144445,693.381377,693.405436,track sync: 2 - start of verbalization,d328-342.wav,65.0,Track Sync,065 2 - start of verbalization,,,,,,
20332.654617,694.891549,694.914429,orig065 sync: 2 - only starts sync,d328-342.wav,65.0,Orig Sync,065 2 - only starts sync,,,,,,
20357.786563,720.023495,720.025253,track sync: 3 pre-skip GOOD SYNC,d328-342.wav,65.0,Track Sync,065 3 pre-skip GOOD SYNC,,,,,,
20357.838340000002,720.075272,720.077029,orig065 sync: 3 pre-skip,d328-342.wav,65.0,Orig Sync,065 3 pre-skip,,,,,,
20358.549567000002,720.786499,720.787695,track sync: 4 pre-skip,d328-342.wav,65.0,Track Sync,065 4 pre-skip,,,,,,
20358.560551,720.797483,720.79868,orig065 sync: 4 pre-skip,d328-342.wav,65.0,Orig Sync,065 4 pre-skip,,,,,,
20358.751504,720.988436,720.989558,orig065 sync: 5 pre-skip,d328-342.wav,65.0,Orig Sync,065 5 pre-skip,,,,,,
20358.751504,720.988436,720.989558,track sync: 5 pre-skip,d328-342.wav,65.0,Track Sync,065 5 pre-skip,,,,,,
20358.836704,721.073636,721.073636,orig065 note: split to find skip in mix,d328-342.wav,65.0,Orig Note,065: split to find skip in mix,Make Me Feel,Dr. Know,,,,
20358.836704,721.073636,731.137561,note: SKIP back 10.064s (both files),d328-342.wav,65.0,Orig Start,064:  (both files),Make Me Feel,Dr. Know,,,,
20368.991693,731.228625,731.231065,track sync: A (6) post-skip,d328-342.wav,65.0,Track Sync,065 A (6) post-skip,,,,,,
20384.6515,746.888432,746.888432,orig065 note: resume from split,d328-342.wav,65.0,Orig Note,065: resume from split,Make Me Feel,Dr. Know,,,,
20384.742564,746.979496,746.981935,orig065 sync: A post-skip,d328-342.wav,65.0,Orig Sync,065 A post-skip,,,,,,
20470.789423000002,833.026355,833.028436,track sync: 7 post-skip,d328-342.wav,65.0,Track Sync,065 7 post-skip,,,,,,
20481.051815,843.288747,843.290828,orig065 sync: 7 post-skip,d328-342.wav,65.0,Orig Sync,065 7 post-skip,,,,,,
20515.494002,877.730934,877.73913,track sync: B (8) end of d328-342,d328-342.wav,65.0,Track Sync,065 B (8) end of d328-342,,,,,,
20515.875068,878.112,878.112,file end: d328-342.wav COMPLETE,d328-342.wav,65.0,File End,d328-342.wav COMPLETE,Make Me Feel,Dr. Know,,,,
20523.40831,885.645242,885.653438,orig065 sync: B,d328-342.wav,65.0,Orig Sync,065 B,,,1.056514050701462,,,
20595.164156,957.401088,957.401088,note d336-355: orig066 start: A,d328-342.wav,65.0,Orig Start,066: A,Make Me Feel,Dr. Know,,,,
20596.021571,958.258503,958.258503,note d336-355: 066s1,d328-342.wav,65.0,Orig Start,066: 1,Make Me Feel,Dr. Know,,,,
20596.021571,958.258503,958.258503,orig066 start: .,d328-342.wav,65.0,Orig Start,066: .,Make Me Feel,Dr. Know,,,,
20617.902593,980.139525,982.267045,note d336-355: note: can maybe hear the first tones of 066,d328-342.wav,65.0,Note,note d336-355: note: can maybe hear the first tones of 066,Make Me Feel,Dr. Know,,,,
20624.706752000002,986.943684,986.944813,note d336-355: track sync: 9 - just before mix?,d328-342.wav,65.0,Track Sync,065 9 - just before mix?,,,1.056514050701462,,,
20626.061737,988.298669,988.300706,note d336-355: track sync: 10 pre-skip2,d328-342.wav,65.0,Track Sync,065 10 pre-skip2,,,1.056514050701462,,,
20626.186130000002,988.423062,988.423062,note d336-355: note: SKIP - perhaps intentional - split here,d328-342.wav,65.0,Note,note d336-355: note: SKIP - perhaps intentional - split here,Make Me Feel,Dr. Know,,,,
20626.186131,988.423063,990.310043,note d336-355: note: SKIP range - ahead 1.887s,d328-342.wav,65.0,Note,note d336-355: note: SKIP range - ahead 1.887s,Make Me Feel,Dr. Know,,,,
20626.78346,989.020392,989.021521,orig065 sync: 9,d328-342.wav,65.0,Orig Sync,065 9,,,1.056514050701462,,,
20628.067320000002,990.304252,990.306289,orig065 sync: 10,d328-342.wav,65.0,Orig Sync,065 10,,,1.056514050701462,,,
20628.2983,990.535232,990.540596,note d336-355: NOTE: after skip signal now inverted?,d328-342.wav,65.0,Note,note d336-355: NOTE: after skip signal now inverted?,Make Me Feel,Dr. Know,,,,
20628.2983,990.535232,990.540596,note d336-355: track sync: 11 post-skip in sync with point 10,d328-342.wav,65.0,Track Sync,065 11 post-skip in sync with point 10,,,1.056514050701462,,,
20630.303884,992.540816,992.54618,orig065 sync: 11 post-skip2 in sync with point 10,d328-342.wav,65.0,Orig Sync,065 11 post-skip2 in sync with point 10,,,1.056514050701462,,,
20637.105548,999.34248,999.344362,note d336-355: track sync: 12 NOW NOT INVERTED maybe? confused.,d328-342.wav,65.0,Track Sync,065 12 NOW NOT INVERTED maybe? confused.,,,1.056514050701462,,,
20638.647235,1000.884167,1000.886049,orig065 sync: 12,d328-342.wav,65.0,Orig Sync,065 12,,,1.056514050701462,,,
20639.780983,1002.017915,1003.179957,"note d336-355: note: ""forever"" from next 066? not in 065",d328-342.wav,65.0,Note,"note d336-355: note: ""forever"" from next 066? not in 065",Make Me Feel,Dr. Know,,,,
20640.678296000002,1002.915228,1004.026203,"orig066 note: ""forever""",d328-342.wav,65.0,Orig Note,"066: ""forever""",Make Me Feel,Dr. Know,,,,
20641.319050000002,1003.555982,1005.484236,note d336-355: track066 sync: A first four-note,d328-342.wav,66.0,Track Sync,066 A first four-note,,,,,,
20641.714047,1003.950979,1004.32851,note d336-355: note: first of four-note,d328-342.wav,65.0,Note,note d336-355: note: first of four-note,Make Me Feel,Dr. Know,,,,
20642.176465,1004.413397,1006.341651,orig066 sync: A first four-note,d328-342.wav,66.0,Orig Sync,066 A first four-note,,,,,,
20643.247304,1005.484236,1005.484236,note d336-355: note: rough sync 13 (rs13),d328-342.wav,65.0,Note,note d336-355: note: rough sync 13 (rs13),Make Me Feel,Dr. Know,,,,
20644.416366,1006.653298,1010.868491,"orig065 note: voice saying something ""... give me ..""? in both track and mix",d328-342.wav,65.0,Orig Note,"065: voice saying something ""... give me ..""? in both track and mix",Make Me Feel,Dr. Know,,,,
20644.466888,1006.70382,1006.70382,orig065 note: rough sync 13 (rs13),d328-342.wav,65.0,Orig Note,065: rough sync 13 (rs13),Make Me Feel,Dr. Know,,,,
20653.239081,1015.476013,1016.208818,note d336-355: note: rs14,d328-342.wav,65.0,Note,note d336-355: note: rs14,Make Me Feel,Dr. Know,,,,
20653.926331,1016.163263,1016.896068,orig065 note: rs14,d328-342.wav,65.0,Orig Note,065: rs14,Make Me Feel,Dr. Know,,,,
20654.757888,1016.99482,1017.767794,note d336-355: note: rs15,d328-342.wav,65.0,Note,note d336-355: note: rs15,Make Me Feel,Dr. Know,,,,
20655.339825,1017.576757,1018.349731,orig065 note: rs15,d328-342.wav,65.0,Orig Note,065: rs15,Make Me Feel,Dr. Know,,,,
20656.66861,1018.905542,1020.473202,"note d336-355: note: ""yeah, yeah"" very low in the mix now",d328-342.wav,65.0,Note,"note d336-355: note: ""yeah, yeah"" very low in the mix now",Make Me Feel,Dr. Know,,,,
20657.159354,1019.396286,1020.738134,"orig065 note: ""yeah, yeah""",d328-342.wav,65.0,Orig Note,"065: ""yeah, yeah""",Make Me Feel,Dr. Know,,,,
20661.124066,1023.360998,1023.515159,note d336-355: note: rs16,d328-342.wav,65.0,Note,note d336-355: note: rs16,Make Me Feel,Dr. Know,,,,
20661.412858,1023.64979,1023.80395,orig065 note: rs16,d328-342.wav,65.0,Orig Note,065: rs16,Make Me Feel,Dr. Know,,,,
20661.509004,1023.745936,1023.745936,065eA,d328-342.wav,65.0,Orig End,065: A,Make Me Feel,Dr. Know,,,,
20666.516098,1028.75303,1028.841057,note d336-355: note: last rough sync,d328-342.wav,65.0,Note,note d336-355: note: last rough sync,Make Me Feel,Dr. Know,,,,
20666.516098,1028.75303,1028.841057,orig065 note: last rough sync,d328-342.wav,65.0,Orig Note,065: last rough sync,Make Me Feel,Dr. Know,,,,
20666.604125,1028.841057,1030.054221,orig065 note: fade out if in at all,d328-342.wav,65.0,Orig Note,065: fade out if in at all,Make Me Feel,Dr. Know,,,,
20666.997483,1029.234415,1029.234415,065e7,d328-342.wav,65.0,Orig End,065: 7,Make Me Feel,Dr. Know,,,,
20667.817289,1030.054221,1030.054221,note d336-355: start066: ID: JMJ & Richie - Free La Funk (PFM Remix),d328-342.wav,66.0,TrackStart,,Free La Funk (PFM Remix),JMJ & Richie,,,,
20667.817289,1030.054221,1039.496807,orig065 note: range not used in mix,d328-342.wav,66.0,Orig Note,065: range not used in mix,Free La Funk (PFM Remix),JMJ & Richie,,,,
20669.345566,1031.582498,1031.582498,orig065 end: B,d328-342.wav,66.0,Orig End,065: B,Free La Funk (PFM Remix),JMJ & Richie,,,,
20675.183166,1037.420098,1037.420098,065e9,d328-342.wav,66.0,Orig End,065: 9,Free La Funk (PFM Remix),JMJ & Richie,,,,
20675.254291,1037.491223,1037.491223,065e10,d328-342.wav,66.0,Orig End,2.7152777777777777,Free La Funk (PFM Remix),JMJ & Richie,,,,
20675.254291,1037.491223,1037.491223,065e11,d328-342.wav,66.0,Orig End,2.7159722222222222,Free La Funk (PFM Remix),JMJ & Richie,,,,
20675.254291,1037.491223,1037.491223,note d336-355: 065e10 and 11,d328-342.wav,66.0,Orig End,065: 10 and 11,Free La Funk (PFM Remix),JMJ & Richie,,,,
20675.718187,1037.955119,1037.955119,065e12,d328-342.wav,66.0,Orig End,2.716666666666667,Free La Funk (PFM Remix),JMJ & Richie,,,,
20677.259875,1039.496807,1039.496807,note d336-355: orig065 end: last rough sync,d328-342.wav,66.0,Orig End,065: last rough sync,Free La Funk (PFM Remix),JMJ & Richie,,,,
20677.259875,1039.496807,1039.496807,orig065 end: .,d328-342.wav,66.0,Orig End,065: .,Free La Funk (PFM Remix),JMJ & Richie,,,,
20679.563626,1041.800558,1041.801115,note d336-355: track sync: 1 - note not inverted,d328-342.wav,66.0,Track Sync,066 1 - note not inverted,,,,,,
20679.563626,1041.800558,1041.801115,orig066 sync: 1,d328-342.wav,66.0,Orig Sync,066 1,,,,,,
21008.0,21008.0,21008.0,start067: ID: Mystery Track 3 ?? Coo-ooo-ooh-ooh yeah song,,67.0,TrackStart,,Mystery Track 3 ?? Coo-ooo-ooh-ooh yeah song,,,,,
21192.0,21192.0,21192.0,start068: ID: Mystery Track 4 ?? Hey Man You Want A Tune song,,68.0,TrackStart,,Mystery Track 4 ?? Hey Man You Want A Tune song,,,,,
21413.0,21413.0,21413.0,start069: ID: Hypnotising / PFM,,69.0,TrackStart,,Hypnotising / PFM,,,,,
21703.0,21703.0,21703.0,start070: ID: Urban Style (Original Mix) / Dead Calm,,70.0,TrackStart,,Urban Style (Original Mix) / Dead Calm,,,,,
22022.0,22022.0,22022.0,start071: ID: Fokus / On Line (Original Mix),,71.0,TrackStart,,Fokus / On Line (Original Mix),,,,,
22293.0,22293.0,22293.0,start072: ID: Your Sound / J Majik,,72.0,TrackStart,,Your Sound / J Majik,,,,,
22564.0,22564.0,22564.0,start073: ID: On The Roof / Hidden Agenda,,73.0,TrackStart,,On The Roof / Hidden Agenda,,,,,
22847.0,22847.0,22847.0,start074: ID: Mystery Track 5,,74.0,TrackStart,,Mystery Track 5,,,,,
23117.0,23117.0,23117.0,start075: ID: Sea of Tears / Goldie,,75.0,TrackStart,,Sea of Tears / Goldie,,,,,
23408.0,23408.0,23408.0,start076: ID: Mystery Track 6 (drumline change),,76.0,TrackStart,,Mystery Track 6 (drumline change),,,,,
23718.0,23718.0,23718.0,start077: ID: The Angels Fell / Dillinja,,77.0,TrackStart,,The Angels Fell / Dillinja,,,,,
23967.0,23967.0,23967.0,start078: ID: Ja Know Ya Big / Dillinja,,78.0,TrackStart,,Ja Know Ya Big / Dillinja,,,,,
24275.0,24275.0,24275.0,start079: ID: The Flute Tune / Hidden Agenda Is It Love?,,79.0,TrackStart,,The Flute Tune / Hidden Agenda Is It Love?,,,,,
24735.0,24735.0,24735.0,start080: ID: The Spectrum / Wax Doctor,,80.0,TrackStart,,The Spectrum / Wax Doctor,,,,,
24949.0,24949.0,24949.0,start081: ID: Universal Horn (J. Majik Remix) / JMJ & Richie ,,81.0,TrackStart,,Universal Horn (J. Majik Remix) / JMJ & Richie ,,,,,
25233.0,25233.0,25233.0,start082: ID: Alien Resident / Kid Loops,,82.0,TrackStart,,Alien Resident / Kid Loops,,,,,
25434.0,25434.0,25434.0,start083: ID: Pass Agent / Luger,,83.0,TrackStart,,Pass Agent / Luger,,,,,
25593.0,25593.0,25593.0,start084: ID: Mystery Track 7 (15:21.776 in new aup),,84.0,TrackStart,,Mystery Track 7 (15:21.776 in new aup),,,,,
25922.0,25922.0,25922.0,start085: ID: Mystery Track 8,,85.0,TrackStart,,Mystery Track 8,,,,,
26262.0,26262.0,26262.0,start086: ID: Mystery Track 9,,86.0,TrackStart,,Mystery Track 9,,,,,
26487.0,26487.0,26487.0,start087: ID: Rite of Spring (Doc Scott Remix) / System 7,,87.0,TrackStart,,Rite of Spring (Doc Scott Remix) / System 7,,,,,
26872.0,26872.0,26872.0,start088: ID: Omen (Director's Cut) / Makai (vs. Nico),,88.0,TrackStart,,Omen (Director's Cut) / Makai (vs. Nico),,,,,
27143.0,27143.0,27143.0,start089: ID: Mystery Track 10,,89.0,TrackStart,,Mystery Track 10,,,,,
27356.0,27356.0,27356.0,start090: ID: Home (Jedi Knights Remix (Drowning In Time)) /,,90.0,TrackStart,,Home (Jedi Knights Remix (Drowning In Time)) /,,,,,
27521.0,27521.0,27521.0,start091: ID: Mystery Track 11,,91.0,TrackStart,,Mystery Track 11,,,,,
